[{"SNO":"1","TITLE":"  Change in Class Rooms of Ph.D course work classes on 19-Nov-2017   (11\/18\/2017 4:54:10 PM) \t","ANNOUNCEMENTBY":"Uploaded By: \r\n Office of HOD \r\n Office Management Cell (SPS) \r\n *This is computer generated notice, not requiring signature","CONTENT":"Dear Ph.D Scholar,\r\nDue to High Court Recruitment Examination on 19th Nov,2017, certain changes in the class rooms for Ph.D Course work have been done. All the students are requested to kindly follow the same as per attachment.","HASATTACHEMENT":"1"}, {"SNO":"2","TITLE":"  Restricted Movement of students on 19th Nov. 2017 due to External Agency Examination   (11\/18\/2017 2:37:11 PM) \t","ANNOUNCEMENTBY":"Uploaded By: \r\n Office of HOD \r\n Office Management Cell (Division of Examination) \r\n *This is computer generated notice, not requiring signature","CONTENT":"It is for the information of all the students that the blocks as mentioned are being used for the conduct of external agency examination on 19 Nov, 2017,Block No. 14, 18, 20, 25,26,28,33,34, 36,38,55,56 and 57. The students are advised to strictly avoid their movement in or around these blocks.","HASATTACHEMENT":"0"}, {"SNO":"3","TITLE":"  Submission of Final and Full B-Plan   (11\/18\/2017 10:24:13 AM) \t","ANNOUNCEMENTBY":"Uploaded By: \r\n Office of HOD \r\n Office Management Cell (Division of Student Welfare) \r\n *This is computer generated notice, not requiring signature","CONTENT":"All the selected students of Inter-School B-Plan Competition are required to submit the full proposal of B-Plan in attached manner on or before 25th of November 2017.\r\nSubmission will be in hard copy to Mr. Harsh 13 block  DSW Room No. 208 cabin 22. Contact no. 9592376742\r\n\r\nAll the selected students of Inter-School B-Plan Competition are required to submit the full proposal of B-Plan in attached manner on or before 25th of November 2017.\r\nSubmission will be in hard copy to Mr. Harsh 13 block  DSW Room No. 208 cabin 22. \r\nContact no. 9592376742","HASATTACHEMENT":"1"}, {"SNO":"4","TITLE":"  Co-Cubes Pre Assessment Tests for Placement registered students of B.Tech, M.Tech & MCA 2018 Passing out Batch   (11\/18\/2017 9:34:40 AM) \t","ANNOUNCEMENTBY":"Uploaded By: \r\n Office of HOD \r\n Office Management Cell (School of Professional Enhancement-I) \r\n *This is computer generated notice, not requiring signature","CONTENT":"Dear Aspirants,\r\nSchool of Professional Enhancement is going to conduct Pre-Assessment Test of Co-Cubes for all 2018 passing out previous eligible students who are registered for placements and already attempted previous phase tests.\r\nThis test is scheduled on 25th November 2017.\r\nFor more details please check enclosed Syllabus of the test.\r\nSeating Plan will be shared later. \r\nFor any query, contact your Training & Placement Coordinator.\r\nBest Wishes!","HASATTACHEMENT":"1"}, {"SNO":"5","TITLE":"  Certificate Distribution of Guest Lecture by Mr. Naseer Khan   (11\/17\/2017 4:59:29 PM) \t","ANNOUNCEMENTBY":"Uploaded By: \r\n Office of HOD \r\n Office Management Cell (Division of Student Welfare) \r\n *This is computer generated notice, not requiring signature","CONTENT":"Dear Participants of Guest Lecture by Mr. Naseer Khan, kindly collect your certificate from 13-206 cabin 12 on 18th November  2017 from 10:00am to 4:00pm. \r\nFor more details contact: Mr Abdul- 8699895201","HASATTACHEMENT":"0"}, {"SNO":"6","TITLE":"  Notice for Room Exemption on 18th Nov & 19th Nov 2017 for Microsoft Hackathon   (11\/17\/2017 4:56:06 PM) \t","ANNOUNCEMENTBY":"Uploaded By: \r\n Office of HOD \r\n Office Management Cell (School of Professional Enhancement-I) \r\n *This is computer generated notice, not requiring signature","CONTENT":"This is for all concerned that the Rooms: Block 33-301,401,501,601 will be busy for Microsoft Hackathon on  18th Nov & 19th Nov 2017 for full day.\r\nThe scheduled classes(If any) in this rooms are been exempted.\r\nKindly, try not to plan any activity in these rooms.","HASATTACHEMENT":"0"}, {"SNO":"7","TITLE":"  Course preference for OE\/SSE courses for the Spring Term 2017-18.(Ref.No.LPU\/DAA\/IC\/171117\/001)   (11\/17\/2017 4:15:11 PM) \t","ANNOUNCEMENTBY":"Uploaded By: \r\n Office of HOD \r\n Office Management Cell (Division of Academic Affairs ) \r\n *This is computer generated notice, not requiring signature","CONTENT":"All the students registered in programs where OE\/SSE courses will be offered in Spring Term of Session 2017-18 should participate in OE\/SSE course preference polling. A course preference interface has been activated in UMS at link:  \r\nUMS Navigation ?Learning Management System (LMS) ?Open\/Social Sci. Elective Course Preference\r\nThis interface will remain open from 17-11-2017 to 20-11-2017 (5:00PM).\r\n1. Only those students can participate in this polling who have to study OE\/SSE courses in Spring Term 2017-18 as per applicable scheme of their programme batch. The student should check for their programme in the list attached.\r\n2. Students should check the attached \u2018snap shot\u2019 of OE\/SSE course preference interface before participating in polling.\r\n3. Student should fill three preferences for OE\/SSE courses as per their liking after reading the course description available in interface.\r\n4. This polling should NOT be considered as course registration for Spring Term 2017-18. This polling is only a survey to know the preferences \/liking of the students and then plan for offering these courses (subject to constraints).\r\n5. The final polling of OE\/SSE courses for Spring Term 2017-18 will be conducted separately from 24-11-2017 to 29-11-2017.\r\n6. Students can consult their Section Mentors for any advice on which course to choose (if required)","HASATTACHEMENT":"1"}, {"SNO":"8","TITLE":"  Opportunity to get associated with Unacademy and earn!!   (11\/17\/2017 3:35:25 PM) \t","ANNOUNCEMENTBY":"Uploaded By: \r\n Office of HOD \r\n Office Management Cell (School of Professional Enhancement-II) \r\n *This is computer generated notice, not requiring signature","CONTENT":"\"Share Your Knowledge. It's a way to achieve Immortality.\" - Dalai Lama\r\nSchool of Professional Enhancement is please to share with you about an opportunity to get associated with Unacademy, which happens to be the India's largest learning platform giving you a great opportunity to be part of an elite educator club.\r\n About Unacademy: In a span of 6 months, over 300,000 students have benefited from over 50000 online lessons and specialized courses. Unacademy has launched free courses for learning under Engineering Curriculum recently meant for Engineering students.  \r\nTo know more, click on https:\/\/unacademy.com\/category\/engineering-curriculum\/HWKFO\r\n Unacademy is offering Unacademy Category Expert role in Engineering Curriculum where you will be responsible for creating engineering courses.  \r\nJob Description: Create and upload a minimum of 10 lessons in a week. Co-Ordinate with the Unacademy team and keep your work updated.\r\n Benefits: A very attractive stipend in the range of INR 50000 and any candidate who does exceptionally good, Unacademy do not mind increasing the stipend for the right candidate and courses.  \r\n To Register, click  on the link, https:\/\/goo.gl\/QJ7mMj and please mention LPU-MUKUL in the referral.\r\n Join thier Facebook page at https:\/\/goo.gl\/p8gmjU  \r\nYou may like to mail your queries to Prajwal (SPOC) at prajwal@unacademy.com \r\n Happy Teaching!!   ","HASATTACHEMENT":"0"}, {"SNO":"9","TITLE":"  Report Format for Dissertation students of SEEE   (11\/17\/2017 3:33:21 PM) \t","ANNOUNCEMENTBY":"Uploaded By: \r\n Office of HOD \r\n Office Management Cell (SEEE) \r\n *This is computer generated notice, not requiring signature","CONTENT":" All the students pursuing M.Tech. from SEEE and preparing Dissertation reports must comply to the guidelines attached in this announcement.","HASATTACHEMENT":"1"}, {"SNO":"10","TITLE":"  Exam Schedule of VSkills for MBA First Semester 2017   (11\/17\/2017 1:39:22 PM) \t","ANNOUNCEMENTBY":"Uploaded By: \r\n Office of HOD \r\n Office Management Cell (MSOB) \r\n *This is computer generated notice, not requiring signature","CONTENT":"All students who are studying Leadership and Organizational Behavior Course and have registered for VSkills Certification on 'Certified Leadership Skills Professional' OR Certified Organizational Behaviour Professional' their Exam is scheduled on 18th Nov 2017. Details of exam is given in attached file.\r\n1. Student need to be present at least fifteen minutes before their scheduled time.\r\n2. Students should ensure that they bring their own laptop with full charged.\r\n3. Students should also carry their identity card at the time of exam.\r\nFor any other information please contact to: Ms. Tanya Nagpal Block 14- Room 208","HASATTACHEMENT":"1"}]
