[{"TERMID":"517181","CourseCode":"CSE510","AtnDate":"2017-08-07","AtnTiming":"11:00-12:00 AM","ClassType":"L","Attended":"0","DL":"0","FacultyName":"Pooja Rana","ReasonForBlock":""}, {"TERMID":"517181","CourseCode":"CSE510","AtnDate":"2017-08-08","AtnTiming":"12:00-01:00 PM","ClassType":"L","Attended":"1","DL":"0","FacultyName":"Pooja Rana","ReasonForBlock":""}, {"TERMID":"517181","CourseCode":"CSE510","AtnDate":"2017-08-09","AtnTiming":"12:00-01:00 PM","ClassType":"L","Attended":"1","DL":"0","FacultyName":"Pooja Rana","ReasonForBlock":""}, {"TERMID":"517181","CourseCode":"CSE510","AtnDate":"2017-08-14","AtnTiming":"11:00-12:00 AM","ClassType":"L","Attended":"1","DL":"0","FacultyName":"Pooja Rana","ReasonForBlock":""}, {"TERMID":"517181","CourseCode":"CSE510","AtnDate":"2017-08-21","AtnTiming":"11:00-12:00 AM","ClassType":"L","Attended":"1","DL":"0","FacultyName":"Pooja Rana","ReasonForBlock":""}, {"TERMID":"517181","CourseCode":"CSE510","AtnDate":"2017-08-22","AtnTiming":"12:00-01:00 PM","ClassType":"L","Attended":"1","DL":"0","FacultyName":"Pooja Rana","ReasonForBlock":""}, {"TERMID":"517181","CourseCode":"CSE510","AtnDate":"2017-08-23","AtnTiming":"12:00-01:00 PM","ClassType":"L","Attended":"1","DL":"0","FacultyName":"Pooja Rana","ReasonForBlock":""}, {"TERMID":"517181","CourseCode":"CSE510","AtnDate":"2017-08-28","AtnTiming":"11:00-12:00 AM","ClassType":"L","Attended":"1","DL":"0","FacultyName":"Pooja Rana","ReasonForBlock":""}, {"TERMID":"517181","CourseCode":"CSE510","AtnDate":"2017-08-29","AtnTiming":"12:00-01:00 PM","ClassType":"L","Attended":"1","DL":"0","FacultyName":"Pooja Rana","ReasonForBlock":""}, {"TERMID":"517181","CourseCode":"CSE510","AtnDate":"2017-08-30","AtnTiming":"12:00-01:00 PM","ClassType":"L","Attended":"1","DL":"0","FacultyName":"Pooja Rana","ReasonForBlock":""}, {"TERMID":"517181","CourseCode":"CSE510","AtnDate":"2017-09-04","AtnTiming":"11:00-12:00 AM","ClassType":"L","Attended":"1","DL":"0","FacultyName":"Pooja Rana","ReasonForBlock":""}, {"TERMID":"517181","CourseCode":"CSE510","AtnDate":"2017-09-05","AtnTiming":"12:00-01:00 PM","ClassType":"L","Attended":"1","DL":"0","FacultyName":"Pooja Rana","ReasonForBlock":""}, {"TERMID":"517181","CourseCode":"CSE510","AtnDate":"2017-09-06","AtnTiming":"12:00-01:00 PM","ClassType":"L","Attended":"0","DL":"1","FacultyName":"Pooja Rana","ReasonForBlock":""}, {"TERMID":"517181","CourseCode":"CSE510","AtnDate":"2017-09-11","AtnTiming":"11:00-12:00 AM","ClassType":"L","Attended":"1","DL":"0","FacultyName":"Pooja Rana","ReasonForBlock":""}, {"TERMID":"517181","CourseCode":"CSE510","AtnDate":"2017-09-12","AtnTiming":"12:00-01:00 PM","ClassType":"L","Attended":"1","DL":"0","FacultyName":"Pooja Rana","ReasonForBlock":""}, {"TERMID":"517181","CourseCode":"CSE510","AtnDate":"2017-09-13","AtnTiming":"12:00-01:00 PM","ClassType":"L","Attended":"1","DL":"0","FacultyName":"Pooja Rana","ReasonForBlock":""}, {"TERMID":"517181","CourseCode":"CSE510","AtnDate":"2017-09-18","AtnTiming":"11:00-12:00 AM","ClassType":"L","Attended":"0","DL":"1","FacultyName":"Pooja Rana","ReasonForBlock":""}, {"TERMID":"517181","CourseCode":"CSE510","AtnDate":"2017-09-19","AtnTiming":"12:00-01:00 PM","ClassType":"L","Attended":"0","DL":"1","FacultyName":"Pooja Rana","ReasonForBlock":""}, {"TERMID":"517181","CourseCode":"CSE510","AtnDate":"2017-09-20","AtnTiming":"12:00-01:00 PM","ClassType":"L","Attended":"0","DL":"0","FacultyName":"Pooja Rana","ReasonForBlock":""}, {"TERMID":"517181","CourseCode":"CSE510","AtnDate":"2017-09-25","AtnTiming":"11:00-12:00 AM","ClassType":"L","Attended":"0","DL":"1","FacultyName":"Pooja Rana","ReasonForBlock":""}, {"TERMID":"517181","CourseCode":"CSE510","AtnDate":"2017-09-26","AtnTiming":"12:00-01:00 PM","ClassType":"L","Attended":"1","DL":"0","FacultyName":"Pooja Rana","ReasonForBlock":""}, {"TERMID":"517181","CourseCode":"CSE510","AtnDate":"2017-09-27","AtnTiming":"12:00-01:00 PM","ClassType":"L","Attended":"1","DL":"0","FacultyName":"Pooja Rana","ReasonForBlock":""}, {"TERMID":"517181","CourseCode":"CSE510","AtnDate":"2017-09-29","AtnTiming":"12:00-01:00 PM","ClassType":"L","Attended":"1","DL":"0","FacultyName":"Pooja Rana","ReasonForBlock":""}, {"TERMID":"517181","CourseCode":"CSE510","AtnDate":"2017-10-03","AtnTiming":"09:00-10:00 AM","ClassType":"L","Attended":"1","DL":"0","FacultyName":"Pooja Rana","ReasonForBlock":""}, {"TERMID":"517181","CourseCode":"CSE510","AtnDate":"2017-10-03","AtnTiming":"10:00-11:00 AM","ClassType":"L","Attended":"1","DL":"0","FacultyName":"Pooja Rana","ReasonForBlock":""}, {"TERMID":"517181","CourseCode":"CSE510","AtnDate":"2017-10-04","AtnTiming":"11:00-12:00 AM","ClassType":"L","Attended":"1","DL":"0","FacultyName":"Pooja Rana","ReasonForBlock":""}, {"TERMID":"517181","CourseCode":"CSE510","AtnDate":"2017-10-06","AtnTiming":"09:00-10:00 AM","ClassType":"L","Attended":"1","DL":"0","FacultyName":"Pooja Rana","ReasonForBlock":""}, {"TERMID":"517181","CourseCode":"CSE510","AtnDate":"2017-10-06","AtnTiming":"10:00-11:00 AM","ClassType":"L","Attended":"1","DL":"0","FacultyName":"Pooja Rana","ReasonForBlock":""}, {"TERMID":"517181","CourseCode":"CSE510","AtnDate":"2017-10-06","AtnTiming":"11:00-12:00 AM","ClassType":"L","Attended":"1","DL":"0","FacultyName":"Pooja Rana","ReasonForBlock":""}, {"TERMID":"517181","CourseCode":"CSE510","AtnDate":"2017-10-09","AtnTiming":"11:00-12:00 AM","ClassType":"L","Attended":"1","DL":"0","FacultyName":"Pooja Rana","ReasonForBlock":""}, {"TERMID":"517181","CourseCode":"CSE510","AtnDate":"2017-10-10","AtnTiming":"12:00-01:00 PM","ClassType":"L","Attended":"1","DL":"0","FacultyName":"Pooja Rana","ReasonForBlock":""}, {"TERMID":"517181","CourseCode":"CSE510","AtnDate":"2017-10-11","AtnTiming":"12:00-01:00 PM","ClassType":"L","Attended":"1","DL":"0","FacultyName":"Pooja Rana","ReasonForBlock":""}, {"TERMID":"517181","CourseCode":"CSE510","AtnDate":"2017-10-16","AtnTiming":"11:00-12:00 AM","ClassType":"L","Attended":"1","DL":"0","FacultyName":"Pooja Rana","ReasonForBlock":""}, {"TERMID":"517181","CourseCode":"CSE510","AtnDate":"2017-10-17","AtnTiming":"12:00-01:00 PM","ClassType":"L","Attended":"1","DL":"0","FacultyName":"Pooja Rana","ReasonForBlock":""}, {"TERMID":"517181","CourseCode":"CSE510","AtnDate":"2017-10-23","AtnTiming":"11:00-12:00 AM","ClassType":"L","Attended":"1","DL":"0","FacultyName":"Pooja Rana","ReasonForBlock":""}, {"TERMID":"517181","CourseCode":"CSE510","AtnDate":"2017-10-24","AtnTiming":"12:00-01:00 PM","ClassType":"L","Attended":"1","DL":"0","FacultyName":"Pooja Rana","ReasonForBlock":""}, {"TERMID":"517181","CourseCode":"CSE510","AtnDate":"2017-10-25","AtnTiming":"12:00-01:00 PM","ClassType":"L","Attended":"1","DL":"0","FacultyName":"Pooja Rana","ReasonForBlock":""}, {"TERMID":"517181","CourseCode":"CSE510","AtnDate":"2017-10-30","AtnTiming":"11:00-12:00 AM","ClassType":"L","Attended":"1","DL":"0","FacultyName":"Pooja Rana","ReasonForBlock":""}, {"TERMID":"517181","CourseCode":"CSE510","AtnDate":"2017-10-31","AtnTiming":"12:00-01:00 PM","ClassType":"L","Attended":"1","DL":"0","FacultyName":"Pooja Rana","ReasonForBlock":""}, {"TERMID":"517181","CourseCode":"CSE510","AtnDate":"2017-11-01","AtnTiming":"12:00-01:00 PM","ClassType":"L","Attended":"1","DL":"0","FacultyName":"Pooja Rana","ReasonForBlock":""}, {"TERMID":"517181","CourseCode":"CSE510","AtnDate":"2017-11-06","AtnTiming":"11:00-12:00 AM","ClassType":"L","Attended":"1","DL":"0","FacultyName":"Pooja Rana","ReasonForBlock":""}, {"TERMID":"517181","CourseCode":"CSE510","AtnDate":"2017-11-07","AtnTiming":"12:00-01:00 PM","ClassType":"L","Attended":"1","DL":"0","FacultyName":"Pooja Rana","ReasonForBlock":""}, {"TERMID":"517181","CourseCode":"CSE510","AtnDate":"2017-11-08","AtnTiming":"12:00-01:00 PM","ClassType":"L","Attended":"0","DL":"1","FacultyName":"Pooja Rana","ReasonForBlock":""}, {"TERMID":"517181","CourseCode":"CSE510","AtnDate":"2017-11-13","AtnTiming":"11:00-12:00 AM","ClassType":"L","Attended":"1","DL":"0","FacultyName":"Pooja Rana","ReasonForBlock":""}, {"TERMID":"517181","CourseCode":"CSE510","AtnDate":"2017-11-14","AtnTiming":"12:00-01:00 PM","ClassType":"L","Attended":"1","DL":"0","FacultyName":"Pooja Rana","ReasonForBlock":""}, {"TERMID":"517181","CourseCode":"CSE510","AtnDate":"2017-11-15","AtnTiming":"12:00-01:00 PM","ClassType":"L","Attended":"1","DL":"0","FacultyName":"Pooja Rana","ReasonForBlock":""}, {"TERMID":"517181","CourseCode":"CSE548","AtnDate":"2017-09-01","AtnTiming":"03:00-04:00 PM","ClassType":"G","Attended":"0","DL":"0","FacultyName":"Baljit Singh Saini","ReasonForBlock":""}, {"TERMID":"517181","CourseCode":"CSE548","AtnDate":"2017-09-15","AtnTiming":"03:00-04:00 PM","ClassType":"G","Attended":"0","DL":"0","FacultyName":"Baljit Singh Saini","ReasonForBlock":""}, {"TERMID":"517181","CourseCode":"CSE548","AtnDate":"2017-09-22","AtnTiming":"03:00-04:00 PM","ClassType":"G","Attended":"0","DL":"0","FacultyName":"Baljit Singh Saini","ReasonForBlock":""}, {"TERMID":"517181","CourseCode":"CSE548","AtnDate":"2017-10-08","AtnTiming":"03:00-04:00 PM","ClassType":"G","Attended":"1","DL":"0","FacultyName":"Baljit Singh Saini","ReasonForBlock":""}, {"TERMID":"517181","CourseCode":"CSE548","AtnDate":"2017-10-13","AtnTiming":"03:00-04:00 PM","ClassType":"G","Attended":"0","DL":"0","FacultyName":"Baljit Singh Saini","ReasonForBlock":""}, {"TERMID":"517181","CourseCode":"CSE548","AtnDate":"2017-10-27","AtnTiming":"03:00-04:00 PM","ClassType":"G","Attended":"1","DL":"0","FacultyName":"Baljit Singh Saini","ReasonForBlock":""}, {"TERMID":"517181","CourseCode":"CSE548","AtnDate":"2017-11-03","AtnTiming":"03:00-04:00 PM","ClassType":"G","Attended":"0","DL":"0","FacultyName":"Baljit Singh Saini","ReasonForBlock":""}, {"TERMID":"517181","CourseCode":"CSE548","AtnDate":"2017-11-10","AtnTiming":"03:00-04:00 PM","ClassType":"G","Attended":"1","DL":"0","FacultyName":"Baljit Singh Saini","ReasonForBlock":""}, {"TERMID":"517181","CourseCode":"CSE548","AtnDate":"2017-11-17","AtnTiming":"03:00-04:00 PM","ClassType":"G","Attended":"0","DL":"0","FacultyName":"Baljit Singh Saini","ReasonForBlock":""}, {"TERMID":"517181","CourseCode":"INT508","AtnDate":"2017-08-07","AtnTiming":"10:00-11:00 AM","ClassType":"L","Attended":"0","DL":"0","FacultyName":"Deepika","ReasonForBlock":""}, {"TERMID":"517181","CourseCode":"INT508","AtnDate":"2017-08-08","AtnTiming":"11:00-12:00 AM","ClassType":"L","Attended":"1","DL":"0","FacultyName":"Deepika","ReasonForBlock":""}, {"TERMID":"517181","CourseCode":"INT508","AtnDate":"2017-08-09","AtnTiming":"01:00-02:00 PM","ClassType":"L","Attended":"1","DL":"0","FacultyName":"Deepika","ReasonForBlock":""}, {"TERMID":"517181","CourseCode":"INT508","AtnDate":"2017-08-14","AtnTiming":"10:00-11:00 AM","ClassType":"L","Attended":"1","DL":"0","FacultyName":"Deepika","ReasonForBlock":""}, {"TERMID":"517181","CourseCode":"INT508","AtnDate":"2017-08-21","AtnTiming":"10:00-11:00 AM","ClassType":"L","Attended":"1","DL":"0","FacultyName":"Deepika","ReasonForBlock":""}, {"TERMID":"517181","CourseCode":"INT508","AtnDate":"2017-08-22","AtnTiming":"02:00-03:00 PM","ClassType":"L","Attended":"1","DL":"0","FacultyName":"Deepika","ReasonForBlock":""}, {"TERMID":"517181","CourseCode":"INT508","AtnDate":"2017-08-22","AtnTiming":"11:00-12:00 AM","ClassType":"L","Attended":"1","DL":"0","FacultyName":"Deepika","ReasonForBlock":""}, {"TERMID":"517181","CourseCode":"INT508","AtnDate":"2017-08-23","AtnTiming":"01:00-02:00 PM","ClassType":"L","Attended":"1","DL":"0","FacultyName":"Deepika","ReasonForBlock":""}, {"TERMID":"517181","CourseCode":"INT508","AtnDate":"2017-08-28","AtnTiming":"10:00-11:00 AM","ClassType":"L","Attended":"1","DL":"0","FacultyName":"Deepika","ReasonForBlock":""}, {"TERMID":"517181","CourseCode":"INT508","AtnDate":"2017-08-29","AtnTiming":"11:00-12:00 AM","ClassType":"L","Attended":"1","DL":"0","FacultyName":"Deepika","ReasonForBlock":""}, {"TERMID":"517181","CourseCode":"INT508","AtnDate":"2017-08-30","AtnTiming":"01:00-02:00 PM","ClassType":"L","Attended":"1","DL":"0","FacultyName":"Deepika","ReasonForBlock":""}, {"TERMID":"517181","CourseCode":"INT508","AtnDate":"2017-09-04","AtnTiming":"10:00-11:00 AM","ClassType":"L","Attended":"1","DL":"0","FacultyName":"Deepika","ReasonForBlock":""}, {"TERMID":"517181","CourseCode":"INT508","AtnDate":"2017-09-05","AtnTiming":"11:00-12:00 AM","ClassType":"L","Attended":"1","DL":"0","FacultyName":"Deepika","ReasonForBlock":""}, {"TERMID":"517181","CourseCode":"INT508","AtnDate":"2017-09-06","AtnTiming":"01:00-02:00 PM","ClassType":"L","Attended":"0","DL":"1","FacultyName":"Deepika","ReasonForBlock":""}, {"TERMID":"517181","CourseCode":"INT508","AtnDate":"2017-09-11","AtnTiming":"10:00-11:00 AM","ClassType":"L","Attended":"1","DL":"0","FacultyName":"Deepika","ReasonForBlock":""}, {"TERMID":"517181","CourseCode":"INT508","AtnDate":"2017-09-12","AtnTiming":"11:00-12:00 AM","ClassType":"L","Attended":"1","DL":"0","FacultyName":"Deepika","ReasonForBlock":""}, {"TERMID":"517181","CourseCode":"INT508","AtnDate":"2017-09-13","AtnTiming":"01:00-02:00 PM","ClassType":"L","Attended":"0","DL":"1","FacultyName":"Deepika","ReasonForBlock":""}, {"TERMID":"517181","CourseCode":"INT508","AtnDate":"2017-09-18","AtnTiming":"10:00-11:00 AM","ClassType":"L","Attended":"0","DL":"1","FacultyName":"Deepika","ReasonForBlock":""}, {"TERMID":"517181","CourseCode":"INT508","AtnDate":"2017-09-19","AtnTiming":"11:00-12:00 AM","ClassType":"L","Attended":"0","DL":"1","FacultyName":"Deepika","ReasonForBlock":""}, {"TERMID":"517181","CourseCode":"INT508","AtnDate":"2017-09-20","AtnTiming":"01:00-02:00 PM","ClassType":"L","Attended":"0","DL":"0","FacultyName":"Deepika","ReasonForBlock":""}, {"TERMID":"517181","CourseCode":"INT508","AtnDate":"2017-09-25","AtnTiming":"10:00-11:00 AM","ClassType":"L","Attended":"0","DL":"1","FacultyName":"Deepika","ReasonForBlock":""}, {"TERMID":"517181","CourseCode":"INT508","AtnDate":"2017-09-26","AtnTiming":"11:00-12:00 AM","ClassType":"L","Attended":"1","DL":"0","FacultyName":"Deepika","ReasonForBlock":""}, {"TERMID":"517181","CourseCode":"INT508","AtnDate":"2017-09-27","AtnTiming":"01:00-02:00 PM","ClassType":"L","Attended":"1","DL":"0","FacultyName":"Deepika","ReasonForBlock":""}, {"TERMID":"517181","CourseCode":"INT508","AtnDate":"2017-09-29","AtnTiming":"11:00-12:00 AM","ClassType":"L","Attended":"1","DL":"0","FacultyName":"Usha Mittal","ReasonForBlock":""}, {"TERMID":"517181","CourseCode":"INT508","AtnDate":"2017-10-03","AtnTiming":"10:00-11:00 AM","ClassType":"L","Attended":"1","DL":"0","FacultyName":"Usha Mittal","ReasonForBlock":""}, {"TERMID":"517181","CourseCode":"INT508","AtnDate":"2017-10-03","AtnTiming":"12:00-01:00 PM","ClassType":"L","Attended":"1","DL":"0","FacultyName":"Usha Mittal","ReasonForBlock":""}, {"TERMID":"517181","CourseCode":"INT508","AtnDate":"2017-10-04","AtnTiming":"12:00-01:00 PM","ClassType":"L","Attended":"1","DL":"0","FacultyName":"Usha Mittal","ReasonForBlock":""}, {"TERMID":"517181","CourseCode":"INT508","AtnDate":"2017-10-05","AtnTiming":"09:00-10:00 AM","ClassType":"L","Attended":"1","DL":"0","FacultyName":"Usha Mittal","ReasonForBlock":""}, {"TERMID":"517181","CourseCode":"INT508","AtnDate":"2017-10-05","AtnTiming":"10:00-11:00 AM","ClassType":"L","Attended":"1","DL":"0","FacultyName":"Usha Mittal","ReasonForBlock":""}, {"TERMID":"517181","CourseCode":"INT508","AtnDate":"2017-10-06","AtnTiming":"12:00-01:00 PM","ClassType":"L","Attended":"1","DL":"0","FacultyName":"Usha Mittal","ReasonForBlock":""}, {"TERMID":"517181","CourseCode":"INT508","AtnDate":"2017-10-07","AtnTiming":"09:00-10:00 AM","ClassType":"L","Attended":"1","DL":"0","FacultyName":"Usha Mittal","ReasonForBlock":""}, {"TERMID":"517181","CourseCode":"INT508","AtnDate":"2017-10-09","AtnTiming":"10:00-11:00 AM","ClassType":"L","Attended":"1","DL":"0","FacultyName":"Deepika","ReasonForBlock":""}, {"TERMID":"517181","CourseCode":"INT508","AtnDate":"2017-10-10","AtnTiming":"11:00-12:00 AM","ClassType":"L","Attended":"1","DL":"0","FacultyName":"Deepika","ReasonForBlock":""}, {"TERMID":"517181","CourseCode":"INT508","AtnDate":"2017-10-11","AtnTiming":"01:00-02:00 PM","ClassType":"L","Attended":"1","DL":"0","FacultyName":"Deepika","ReasonForBlock":""}, {"TERMID":"517181","CourseCode":"INT508","AtnDate":"2017-10-16","AtnTiming":"10:00-11:00 AM","ClassType":"L","Attended":"1","DL":"0","FacultyName":"Deepika","ReasonForBlock":""}, {"TERMID":"517181","CourseCode":"INT508","AtnDate":"2017-10-17","AtnTiming":"11:00-12:00 AM","ClassType":"L","Attended":"1","DL":"0","FacultyName":"Deepika","ReasonForBlock":""}, {"TERMID":"517181","CourseCode":"INT508","AtnDate":"2017-10-23","AtnTiming":"10:00-11:00 AM","ClassType":"L","Attended":"1","DL":"0","FacultyName":"Deepika","ReasonForBlock":""}, {"TERMID":"517181","CourseCode":"INT508","AtnDate":"2017-10-24","AtnTiming":"11:00-12:00 AM","ClassType":"L","Attended":"1","DL":"0","FacultyName":"Deepika","ReasonForBlock":""}, {"TERMID":"517181","CourseCode":"INT508","AtnDate":"2017-10-25","AtnTiming":"01:00-02:00 PM","ClassType":"L","Attended":"1","DL":"0","FacultyName":"Deepika","ReasonForBlock":""}, {"TERMID":"517181","CourseCode":"INT508","AtnDate":"2017-10-30","AtnTiming":"10:00-11:00 AM","ClassType":"L","Attended":"0","DL":"0","FacultyName":"Deepika","ReasonForBlock":""}, {"TERMID":"517181","CourseCode":"INT508","AtnDate":"2017-10-31","AtnTiming":"11:00-12:00 AM","ClassType":"L","Attended":"1","DL":"0","FacultyName":"Deepika","ReasonForBlock":""}, {"TERMID":"517181","CourseCode":"INT508","AtnDate":"2017-11-01","AtnTiming":"01:00-02:00 PM","ClassType":"L","Attended":"1","DL":"0","FacultyName":"Deepika","ReasonForBlock":""}, {"TERMID":"517181","CourseCode":"INT508","AtnDate":"2017-11-06","AtnTiming":"10:00-11:00 AM","ClassType":"L","Attended":"1","DL":"0","FacultyName":"Deepika","ReasonForBlock":""}, {"TERMID":"517181","CourseCode":"INT508","AtnDate":"2017-11-07","AtnTiming":"11:00-12:00 AM","ClassType":"L","Attended":"1","DL":"0","FacultyName":"Deepika","ReasonForBlock":""}, {"TERMID":"517181","CourseCode":"INT508","AtnDate":"2017-11-08","AtnTiming":"01:00-02:00 PM","ClassType":"L","Attended":"0","DL":"1","FacultyName":"Deepika","ReasonForBlock":""}, {"TERMID":"517181","CourseCode":"INT508","AtnDate":"2017-11-13","AtnTiming":"10:00-11:00 AM","ClassType":"L","Attended":"1","DL":"0","FacultyName":"Deepika","ReasonForBlock":""}, {"TERMID":"517181","CourseCode":"INT508","AtnDate":"2017-11-14","AtnTiming":"11:00-12:00 AM","ClassType":"L","Attended":"1","DL":"0","FacultyName":"Deepika","ReasonForBlock":""}, {"TERMID":"517181","CourseCode":"INT508","AtnDate":"2017-11-15","AtnTiming":"01:00-02:00 PM","ClassType":"L","Attended":"1","DL":"0","FacultyName":"Deepika","ReasonForBlock":""}, {"TERMID":"517181","CourseCode":"INT518","AtnDate":"2017-08-08","AtnTiming":"02:00-03:00 PM","ClassType":"P","Attended":"1","DL":"0","FacultyName":"Deepika","ReasonForBlock":""}, {"TERMID":"517181","CourseCode":"INT518","AtnDate":"2017-08-08","AtnTiming":"03:00-04:00 PM","ClassType":"P","Attended":"1","DL":"0","FacultyName":"Deepika","ReasonForBlock":""}, {"TERMID":"517181","CourseCode":"INT518","AtnDate":"2017-08-16","AtnTiming":"01:00-02:00 PM","ClassType":"P","Attended":"1","DL":"0","FacultyName":"Deepika","ReasonForBlock":""}, {"TERMID":"517181","CourseCode":"INT518","AtnDate":"2017-08-22","AtnTiming":"03:00-04:00 PM","ClassType":"P","Attended":"1","DL":"0","FacultyName":"Deepika","ReasonForBlock":""}, {"TERMID":"517181","CourseCode":"INT518","AtnDate":"2017-08-29","AtnTiming":"02:00-03:00 PM","ClassType":"P","Attended":"1","DL":"0","FacultyName":"Deepika","ReasonForBlock":""}, {"TERMID":"517181","CourseCode":"INT518","AtnDate":"2017-08-29","AtnTiming":"03:00-04:00 PM","ClassType":"P","Attended":"1","DL":"0","FacultyName":"Deepika","ReasonForBlock":""}, {"TERMID":"517181","CourseCode":"INT518","AtnDate":"2017-09-05","AtnTiming":"02:00-03:00 PM","ClassType":"P","Attended":"1","DL":"0","FacultyName":"Deepika","ReasonForBlock":""}, {"TERMID":"517181","CourseCode":"INT518","AtnDate":"2017-09-05","AtnTiming":"03:00-04:00 PM","ClassType":"P","Attended":"1","DL":"0","FacultyName":"Deepika","ReasonForBlock":""}, {"TERMID":"517181","CourseCode":"INT518","AtnDate":"2017-09-12","AtnTiming":"02:00-03:00 PM","ClassType":"P","Attended":"1","DL":"0","FacultyName":"Deepika","ReasonForBlock":""}, {"TERMID":"517181","CourseCode":"INT518","AtnDate":"2017-09-12","AtnTiming":"03:00-04:00 PM","ClassType":"P","Attended":"1","DL":"0","FacultyName":"Deepika","ReasonForBlock":""}, {"TERMID":"517181","CourseCode":"INT518","AtnDate":"2017-09-19","AtnTiming":"02:00-03:00 PM","ClassType":"P","Attended":"0","DL":"0","FacultyName":"Deepika","ReasonForBlock":""}, {"TERMID":"517181","CourseCode":"INT518","AtnDate":"2017-09-19","AtnTiming":"03:00-04:00 PM","ClassType":"P","Attended":"1","DL":"0","FacultyName":"Deepika","ReasonForBlock":""}, {"TERMID":"517181","CourseCode":"INT518","AtnDate":"2017-09-26","AtnTiming":"02:00-03:00 PM","ClassType":"P","Attended":"1","DL":"0","FacultyName":"Deepika","ReasonForBlock":""}, {"TERMID":"517181","CourseCode":"INT518","AtnDate":"2017-09-26","AtnTiming":"04:00-05:00 PM","ClassType":"P","Attended":"1","DL":"0","FacultyName":"Deepika","ReasonForBlock":""}, {"TERMID":"517181","CourseCode":"INT518","AtnDate":"2017-10-04","AtnTiming":"09:00-10:00 AM","ClassType":"P","Attended":"1","DL":"0","FacultyName":"Usha Mittal","ReasonForBlock":""}, {"TERMID":"517181","CourseCode":"INT518","AtnDate":"2017-10-04","AtnTiming":"10:00-11:00 AM","ClassType":"P","Attended":"1","DL":"0","FacultyName":"Usha Mittal","ReasonForBlock":""}, {"TERMID":"517181","CourseCode":"INT518","AtnDate":"2017-10-05","AtnTiming":"11:00-12:00 AM","ClassType":"P","Attended":"1","DL":"0","FacultyName":"Usha Mittal","ReasonForBlock":""}, {"TERMID":"517181","CourseCode":"INT518","AtnDate":"2017-10-05","AtnTiming":"12:00-01:00 PM","ClassType":"P","Attended":"1","DL":"0","FacultyName":"Usha Mittal","ReasonForBlock":""}, {"TERMID":"517181","CourseCode":"INT518","AtnDate":"2017-10-10","AtnTiming":"02:00-03:00 PM","ClassType":"P","Attended":"1","DL":"0","FacultyName":"Deepika","ReasonForBlock":""}, {"TERMID":"517181","CourseCode":"INT518","AtnDate":"2017-10-10","AtnTiming":"03:00-04:00 PM","ClassType":"P","Attended":"1","DL":"0","FacultyName":"Deepika","ReasonForBlock":""}, {"TERMID":"517181","CourseCode":"INT518","AtnDate":"2017-10-17","AtnTiming":"02:00-03:00 PM","ClassType":"P","Attended":"1","DL":"0","FacultyName":"Deepika","ReasonForBlock":""}, {"TERMID":"517181","CourseCode":"INT518","AtnDate":"2017-10-17","AtnTiming":"03:00-04:00 PM","ClassType":"P","Attended":"1","DL":"0","FacultyName":"Deepika","ReasonForBlock":""}, {"TERMID":"517181","CourseCode":"INT518","AtnDate":"2017-10-24","AtnTiming":"02:00-03:00 PM","ClassType":"P","Attended":"1","DL":"0","FacultyName":"Deepika","ReasonForBlock":""}, {"TERMID":"517181","CourseCode":"INT518","AtnDate":"2017-10-24","AtnTiming":"03:00-04:00 PM","ClassType":"P","Attended":"1","DL":"0","FacultyName":"Deepika","ReasonForBlock":""}, {"TERMID":"517181","CourseCode":"INT518","AtnDate":"2017-10-31","AtnTiming":"02:00-03:00 PM","ClassType":"P","Attended":"1","DL":"0","FacultyName":"Deepika","ReasonForBlock":""}, {"TERMID":"517181","CourseCode":"INT518","AtnDate":"2017-10-31","AtnTiming":"03:00-04:00 PM","ClassType":"P","Attended":"0","DL":"0","FacultyName":"Deepika","ReasonForBlock":""}, {"TERMID":"517181","CourseCode":"INT518","AtnDate":"2017-11-07","AtnTiming":"02:00-03:00 PM","ClassType":"P","Attended":"1","DL":"0","FacultyName":"Deepika","ReasonForBlock":""}, {"TERMID":"517181","CourseCode":"INT518","AtnDate":"2017-11-07","AtnTiming":"03:00-04:00 PM","ClassType":"P","Attended":"1","DL":"0","FacultyName":"Deepika","ReasonForBlock":""}, {"TERMID":"517181","CourseCode":"INT518","AtnDate":"2017-11-14","AtnTiming":"02:00-03:00 PM","ClassType":"P","Attended":"1","DL":"0","FacultyName":"Deepika","ReasonForBlock":""}, {"TERMID":"517181","CourseCode":"INT518","AtnDate":"2017-11-14","AtnTiming":"03:00-04:00 PM","ClassType":"P","Attended":"1","DL":"0","FacultyName":"Deepika","ReasonForBlock":""}, {"TERMID":"517181","CourseCode":"MSBET18","AtnDate":"2017-09-29","AtnTiming":"02:00-03:00 PM","ClassType":"L","Attended":"1","DL":"0","FacultyName":"Aseem Kumar","ReasonForBlock":""}, {"TERMID":"517181","CourseCode":"MSBET18","AtnDate":"2017-09-29","AtnTiming":"03:00-04:00 PM","ClassType":"L","Attended":"1","DL":"0","FacultyName":"Aseem Kumar","ReasonForBlock":""}, {"TERMID":"517181","CourseCode":"MSBET18","AtnDate":"2017-09-29","AtnTiming":"04:00-05:00 PM","ClassType":"L","Attended":"1","DL":"0","FacultyName":"Aseem Kumar","ReasonForBlock":""}, {"TERMID":"517181","CourseCode":"MSBET18","AtnDate":"2017-09-29","AtnTiming":"05:00-06:00 PM","ClassType":"L","Attended":"1","DL":"0","FacultyName":"Aseem Kumar","ReasonForBlock":""}, {"TERMID":"517181","CourseCode":"MSBET18","AtnDate":"2017-09-30","AtnTiming":"02:00-03:00 PM","ClassType":"L","Attended":"1","DL":"0","FacultyName":"Aseem Kumar","ReasonForBlock":""}, {"TERMID":"517181","CourseCode":"MSBET18","AtnDate":"2017-09-30","AtnTiming":"03:00-04:00 PM","ClassType":"L","Attended":"1","DL":"0","FacultyName":"Aseem Kumar","ReasonForBlock":""}, {"TERMID":"517181","CourseCode":"MSBET18","AtnDate":"2017-09-30","AtnTiming":"04:00-05:00 PM","ClassType":"L","Attended":"1","DL":"0","FacultyName":"Aseem Kumar","ReasonForBlock":""}, {"TERMID":"517181","CourseCode":"MSBET18","AtnDate":"2017-09-30","AtnTiming":"05:00-06:00 PM","ClassType":"L","Attended":"1","DL":"0","FacultyName":"Aseem Kumar","ReasonForBlock":""}, {"TERMID":"517181","CourseCode":"MSBET18","AtnDate":"2017-10-01","AtnTiming":"02:00-03:00 PM","ClassType":"L","Attended":"1","DL":"0","FacultyName":"Aseem Kumar","ReasonForBlock":""}, {"TERMID":"517181","CourseCode":"MSBET18","AtnDate":"2017-10-01","AtnTiming":"03:00-04:00 PM","ClassType":"L","Attended":"1","DL":"0","FacultyName":"Aseem Kumar","ReasonForBlock":""}, {"TERMID":"517181","CourseCode":"MSBET18","AtnDate":"2017-10-01","AtnTiming":"04:00-05:00 PM","ClassType":"L","Attended":"1","DL":"0","FacultyName":"Aseem Kumar","ReasonForBlock":""}, {"TERMID":"517181","CourseCode":"MSBET18","AtnDate":"2017-10-01","AtnTiming":"05:00-06:00 PM","ClassType":"L","Attended":"1","DL":"0","FacultyName":"Aseem Kumar","ReasonForBlock":""}, {"TERMID":"517181","CourseCode":"MSBET18","AtnDate":"2017-10-04","AtnTiming":"02:00-03:00 PM","ClassType":"L","Attended":"1","DL":"0","FacultyName":"Aseem Kumar","ReasonForBlock":""}, {"TERMID":"517181","CourseCode":"MSBET18","AtnDate":"2017-10-04","AtnTiming":"03:00-04:00 PM","ClassType":"L","Attended":"1","DL":"0","FacultyName":"Aseem Kumar","ReasonForBlock":""}, {"TERMID":"517181","CourseCode":"MSBET18","AtnDate":"2017-10-05","AtnTiming":"02:00-03:00 PM","ClassType":"L","Attended":"1","DL":"0","FacultyName":"Aseem Kumar","ReasonForBlock":""}, {"TERMID":"517181","CourseCode":"MSBET18","AtnDate":"2017-10-05","AtnTiming":"03:00-04:00 PM","ClassType":"L","Attended":"1","DL":"0","FacultyName":"Aseem Kumar","ReasonForBlock":""}, {"TERMID":"517181","CourseCode":"MSBET18","AtnDate":"2017-10-05","AtnTiming":"04:00-05:00 PM","ClassType":"L","Attended":"1","DL":"0","FacultyName":"Aseem Kumar","ReasonForBlock":""}, {"TERMID":"517181","CourseCode":"MSBET18","AtnDate":"2017-10-05","AtnTiming":"05:00-06:00 PM","ClassType":"L","Attended":"1","DL":"0","FacultyName":"Aseem Kumar","ReasonForBlock":""}, {"TERMID":"517181","CourseCode":"MSBET18","AtnDate":"2017-10-06","AtnTiming":"02:00-03:00 PM","ClassType":"L","Attended":"1","DL":"0","FacultyName":"Aseem Kumar","ReasonForBlock":""}, {"TERMID":"517181","CourseCode":"MSBET18","AtnDate":"2017-10-06","AtnTiming":"03:00-04:00 PM","ClassType":"L","Attended":"1","DL":"0","FacultyName":"Aseem Kumar","ReasonForBlock":""}, {"TERMID":"517181","CourseCode":"MSBET18","AtnDate":"2017-10-06","AtnTiming":"04:00-05:00 PM","ClassType":"L","Attended":"1","DL":"0","FacultyName":"Aseem Kumar","ReasonForBlock":""}, {"TERMID":"517181","CourseCode":"MSBET18","AtnDate":"2017-10-06","AtnTiming":"05:00-06:00 PM","ClassType":"L","Attended":"1","DL":"0","FacultyName":"Aseem Kumar","ReasonForBlock":""}, {"TERMID":"517181","CourseCode":"MSBET18","AtnDate":"2017-10-07","AtnTiming":"02:00-03:00 PM","ClassType":"L","Attended":"0","DL":"0","FacultyName":"Aseem Kumar","ReasonForBlock":""}, {"TERMID":"517181","CourseCode":"MSBET18","AtnDate":"2017-10-07","AtnTiming":"03:00-04:00 PM","ClassType":"L","Attended":"0","DL":"0","FacultyName":"Aseem Kumar","ReasonForBlock":""}, {"TERMID":"517181","CourseCode":"MSBET18","AtnDate":"2017-10-07","AtnTiming":"04:00-05:00 PM","ClassType":"L","Attended":"0","DL":"0","FacultyName":"Aseem Kumar","ReasonForBlock":""}, {"TERMID":"517181","CourseCode":"MSBET18","AtnDate":"2017-10-07","AtnTiming":"05:00-06:00 PM","ClassType":"L","Attended":"0","DL":"0","FacultyName":"Aseem Kumar","ReasonForBlock":""}, {"TERMID":"517181","CourseCode":"MSBEV18","AtnDate":"2017-09-29","AtnTiming":"02:00-03:00 PM","ClassType":"L","Attended":"1","DL":"0","FacultyName":"Aseem Kumar","ReasonForBlock":""}, {"TERMID":"517181","CourseCode":"MSBEV18","AtnDate":"2017-09-29","AtnTiming":"03:00-04:00 PM","ClassType":"L","Attended":"1","DL":"0","FacultyName":"Aseem Kumar","ReasonForBlock":""}, {"TERMID":"517181","CourseCode":"MSBEV18","AtnDate":"2017-09-29","AtnTiming":"04:00-05:00 PM","ClassType":"L","Attended":"1","DL":"0","FacultyName":"Aseem Kumar","ReasonForBlock":""}, {"TERMID":"517181","CourseCode":"MSBEV18","AtnDate":"2017-09-29","AtnTiming":"05:00-06:00 PM","ClassType":"L","Attended":"1","DL":"0","FacultyName":"Aseem Kumar","ReasonForBlock":""}, {"TERMID":"517181","CourseCode":"MSBEV18","AtnDate":"2017-09-30","AtnTiming":"02:00-03:00 PM","ClassType":"L","Attended":"1","DL":"0","FacultyName":"Aseem Kumar","ReasonForBlock":""}, {"TERMID":"517181","CourseCode":"MSBEV18","AtnDate":"2017-09-30","AtnTiming":"03:00-04:00 PM","ClassType":"L","Attended":"1","DL":"0","FacultyName":"Aseem Kumar","ReasonForBlock":""}, {"TERMID":"517181","CourseCode":"MSBEV18","AtnDate":"2017-09-30","AtnTiming":"04:00-05:00 PM","ClassType":"L","Attended":"1","DL":"0","FacultyName":"Aseem Kumar","ReasonForBlock":""}, {"TERMID":"517181","CourseCode":"MSBEV18","AtnDate":"2017-09-30","AtnTiming":"05:00-06:00 PM","ClassType":"L","Attended":"1","DL":"0","FacultyName":"Aseem Kumar","ReasonForBlock":""}, {"TERMID":"517181","CourseCode":"MSBEV18","AtnDate":"2017-10-01","AtnTiming":"02:00-03:00 PM","ClassType":"L","Attended":"1","DL":"0","FacultyName":"Aseem Kumar","ReasonForBlock":""}, {"TERMID":"517181","CourseCode":"MSBEV18","AtnDate":"2017-10-01","AtnTiming":"03:00-04:00 PM","ClassType":"L","Attended":"1","DL":"0","FacultyName":"Aseem Kumar","ReasonForBlock":""}, {"TERMID":"517181","CourseCode":"MSBEV18","AtnDate":"2017-10-01","AtnTiming":"04:00-05:00 PM","ClassType":"L","Attended":"1","DL":"0","FacultyName":"Aseem Kumar","ReasonForBlock":""}, {"TERMID":"517181","CourseCode":"MSBEV18","AtnDate":"2017-10-01","AtnTiming":"05:00-06:00 PM","ClassType":"L","Attended":"1","DL":"0","FacultyName":"Aseem Kumar","ReasonForBlock":""}, {"TERMID":"517181","CourseCode":"MSBEV18","AtnDate":"2017-10-04","AtnTiming":"02:00-03:00 PM","ClassType":"L","Attended":"1","DL":"0","FacultyName":"Aseem Kumar","ReasonForBlock":""}, {"TERMID":"517181","CourseCode":"MSBEV18","AtnDate":"2017-10-04","AtnTiming":"03:00-04:00 PM","ClassType":"L","Attended":"1","DL":"0","FacultyName":"Aseem Kumar","ReasonForBlock":""}, {"TERMID":"517181","CourseCode":"MSBEV18","AtnDate":"2017-10-05","AtnTiming":"02:00-03:00 PM","ClassType":"L","Attended":"1","DL":"0","FacultyName":"Aseem Kumar","ReasonForBlock":""}, {"TERMID":"517181","CourseCode":"MSBEV18","AtnDate":"2017-10-05","AtnTiming":"03:00-04:00 PM","ClassType":"L","Attended":"1","DL":"0","FacultyName":"Aseem Kumar","ReasonForBlock":""}, {"TERMID":"517181","CourseCode":"MSBEV18","AtnDate":"2017-10-05","AtnTiming":"04:00-05:00 PM","ClassType":"L","Attended":"1","DL":"0","FacultyName":"Aseem Kumar","ReasonForBlock":""}, {"TERMID":"517181","CourseCode":"MSBEV18","AtnDate":"2017-10-05","AtnTiming":"05:00-06:00 PM","ClassType":"L","Attended":"1","DL":"0","FacultyName":"Aseem Kumar","ReasonForBlock":""}, {"TERMID":"517181","CourseCode":"MSBEV18","AtnDate":"2017-10-06","AtnTiming":"02:00-03:00 PM","ClassType":"L","Attended":"1","DL":"0","FacultyName":"Aseem Kumar","ReasonForBlock":""}, {"TERMID":"517181","CourseCode":"MSBEV18","AtnDate":"2017-10-06","AtnTiming":"03:00-04:00 PM","ClassType":"L","Attended":"1","DL":"0","FacultyName":"Aseem Kumar","ReasonForBlock":""}, {"TERMID":"517181","CourseCode":"MSBEV18","AtnDate":"2017-10-06","AtnTiming":"04:00-05:00 PM","ClassType":"L","Attended":"1","DL":"0","FacultyName":"Aseem Kumar","ReasonForBlock":""}, {"TERMID":"517181","CourseCode":"MSBEV18","AtnDate":"2017-10-06","AtnTiming":"05:00-06:00 PM","ClassType":"L","Attended":"1","DL":"0","FacultyName":"Aseem Kumar","ReasonForBlock":""}, {"TERMID":"517181","CourseCode":"MSBEV18","AtnDate":"2017-10-07","AtnTiming":"02:00-03:00 PM","ClassType":"L","Attended":"0","DL":"0","FacultyName":"Aseem Kumar","ReasonForBlock":""}, {"TERMID":"517181","CourseCode":"MSBEV18","AtnDate":"2017-10-07","AtnTiming":"03:00-04:00 PM","ClassType":"L","Attended":"0","DL":"0","FacultyName":"Aseem Kumar","ReasonForBlock":""}, {"TERMID":"517181","CourseCode":"MSBEV18","AtnDate":"2017-10-07","AtnTiming":"04:00-05:00 PM","ClassType":"L","Attended":"0","DL":"0","FacultyName":"Aseem Kumar","ReasonForBlock":""}, {"TERMID":"517181","CourseCode":"MSBEV18","AtnDate":"2017-10-07","AtnTiming":"05:00-06:00 PM","ClassType":"L","Attended":"0","DL":"0","FacultyName":"Aseem Kumar","ReasonForBlock":""}]
