[{"TERMID":"517181","CourseCode":"CSE510","Coursetype":"SP","CourseName":"ROBOTICS","Lectures":"3","Tutorial":"0","Practical":"0","Credits":"3","Name":"Pooja Rana","BLOCK":"34","ROOMNO":"209","CABIN":"CH8","SECTION":"RKE007","ROLLNO":"A02","EXAMPATTERN":"55: MTE: 0% MCQ \u2013 100% Theory: ETE: 0% MCQ \u2013 100% Theory","ATTENDANCE":"96","LASTUPDATED":"2017-11-18 22:57:59"}, {"TERMID":"517181","CourseCode":"CSE548","Coursetype":"CR","CourseName":"DISSERTATION-II","Lectures":"0","Tutorial":"0","Practical":"18","Credits":"9","Name":"Baljit Singh Saini","BLOCK":"33","ROOMNO":"209","CABIN":"CH17","SECTION":"RK1309","ROLLNO":"A01","EXAMPATTERN":"X7R: MTE: Not Applicable: ETE: Internal Viva (With R Grade)","ATTENDANCE":"33","LASTUPDATED":"2017-11-18 22:57:59"}, {"TERMID":"517181","CourseCode":"INT508","Coursetype":"SP","CourseName":"SOFT COMPUTING","Lectures":"3","Tutorial":"0","Practical":"0","Credits":"3","Name":"Deepika","BLOCK":"34","ROOMNO":"209","CABIN":"CH14","SECTION":"RKE008","ROLLNO":"A02","EXAMPATTERN":"55: MTE: 0% MCQ \u2013 100% Theory: ETE: 0% MCQ \u2013 100% Theory","ATTENDANCE":"94","LASTUPDATED":"2017-11-18 22:57:59"}, {"TERMID":"517181","CourseCode":"INT518","Coursetype":"SP","CourseName":"SOFT COMPUTING LABORATORY","Lectures":"0","Tutorial":"0","Practical":"2","Credits":"1","Name":"Deepika","BLOCK":"34","ROOMNO":"209","CABIN":"CH14","SECTION":"RKE009","ROLLNO":"A02","EXAMPATTERN":"X6: MTE: Not Applicable: ETE: Practical Course","ATTENDANCE":"93","LASTUPDATED":"2017-11-18 22:57:59"}, {"TERMID":"517181","CourseCode":"MSBET18","Coursetype":"PE","CourseName":"Technical Skills","Lectures":"1","Tutorial":"0","Practical":"0","Credits":"0","Name":"Aseem Kumar","BLOCK":"NA","ROOMNO":"NA","CABIN":"NA","SECTION":"RKCA06","ROLLNO":"A02","EXAMPATTERN":"NA","ATTENDANCE":"85","LASTUPDATED":"2017-11-18 22:57:59"}, {"TERMID":"517181","CourseCode":"MSBEV18","Coursetype":"PE","CourseName":"Communication Skills","Lectures":"1","Tutorial":"0","Practical":"0","Credits":"0","Name":"Aseem Kumar","BLOCK":"NA","ROOMNO":"NA","CABIN":"NA","SECTION":"RKCA05","ROLLNO":"A02","EXAMPATTERN":"NA","ATTENDANCE":"85","LASTUPDATED":"2017-11-18 22:57:59"}]
