[{"INFO":"Faculty Members and Students can change their respective UMS and Wi-Fi Password from UMS Menu."}, {"INFO":"Faculty members can rectify the attendance and CA component(s) through an online system of rectification."}, {"INFO":"Faculty members can upload the marks of the assignments through online and offline mode in UMS."}, {"INFO":"Logout Option in UMS should be used to close the current Session. This helps keeping privacy and avoids any unauthorized access of UMS Account."}, {"INFO":"Lovely Professional University has 70 Km of fibre optic cable throughout the campus which acts as a backbone for the network."}, {"INFO":"Lovely Professional University has got 600 Mbps of bandwidth from multiple vendors."}, {"INFO":"Lovely Professional University has more than 1000 Wi-Fi access point installation(s) for intranet and internet access."}, {"INFO":"Lovely Professional University is a member of Microsoft Developer Network (MSDN) Academic Alliance."}, {"INFO":"Lovely Professional University is using 35+ servers and 136 TB of storage for CCTV, Database, FTP, Backup etc."}, {"INFO":"Lovely Professional University is using Virtualization in Data Centre from VMWare for consolidation of multiple servers and running legacy applications."}, {"INFO":"Secured Socket Layer (SSL) is deployed on UMS for secured transactions and encrypted data transmission for the complete session of the user."}, {"INFO":"Staff members can check their Leave Record in UMS from UMS Navigation \u2013 Leave Details \u2013 Leave Record."}, {"INFO":"Students can view their seating plan for Mid Term and End Term Examination on UMS."}, {"INFO":"The Network Backbone of Lovely Professional University is already 10G ready."}, {"INFO":"University Management System is accessed by more than 24000 (distinct users) in a day."}, {"INFO":"University Management System requires every user to change his\/her password after every 30 days."}, {"INFO":"We can add UMS Navigation menu items in Quick links for fast and quick access. (Staff members only)"}]
