[{"EVENT":"\"8th De Novo National Group Art Exhibition\"","TARGETDATE":"2017-11-18"}, {"EVENT":"\"The Shell Script Masters\u201d competition.","TARGETDATE":"2017-11-20"}, {"EVENT":"Amazing opportunity for BBA and MBA students of LPU TO STUDY IN BRAZIL","TARGETDATE":"2018-01-13"}, {"EVENT":"Amazing opportunity for BBA students of Lovely Professional University in Sweden.","TARGETDATE":"2017-11-30"}, {"EVENT":"Applications are invited for opening of food stalls in One World","TARGETDATE":"2017-11-18"}, {"EVENT":"Call for participation in National Entrepreneurship Conclave-2k17","TARGETDATE":"2017-11-19"}, {"EVENT":"Certificate Distribution of Guest Lecture by Mr. Naseer Khan","TARGETDATE":"2017-11-18"}, {"EVENT":"Change in Class Rooms of Ph.D course work classes on 19-Nov-2017","TARGETDATE":"2017-11-28"}, {"EVENT":"Day Scholar Students","TARGETDATE":"2017-11-19"}, {"EVENT":"Examination on 19th Nov 17","TARGETDATE":"2017-11-19"}, {"EVENT":"Invitation to attend ISSWM- 2017","TARGETDATE":"2017-11-22"}, {"EVENT":"Join Evening Yoga and Aerobic Coaching Classes","TARGETDATE":"2017-11-18"}, {"EVENT":"National Conference on Cyber Law and IT Protection","TARGETDATE":"2017-11-19"}, {"EVENT":"Opportunity for LPU Students to host program on National Television Channel Doordarshan Jalandhar","TARGETDATE":"2017-11-21"}, {"EVENT":"Paid Six Month Industrial Training at Division of Infotech (Jan - June, 2018)","TARGETDATE":"2017-11-23"}, {"EVENT":"Poetry Beyond Everything - A platform to publish your writing","TARGETDATE":"2017-11-20"}, {"EVENT":"Prevention from Dengue Fever","TARGETDATE":"2017-12-07"}, {"EVENT":"Remedial Classes of Financial Management (FIN501) Reappear exam","TARGETDATE":"2017-11-18"}, {"EVENT":"TechnoGraphy\" - Blend of technology manifested through photography. ( Status : S )","TARGETDATE":"2017-11-21"}, {"EVENT":"Time Table to follow on 18th November and 25th November 2017 in School of Computer Science and Engineering","TARGETDATE":"2017-11-22"}, {"EVENT":"\u201cFEE NOTIFICATION FOR EVEN TERM 2017-2018\u201d","TARGETDATE":"2017-11-18"}]
