[{"FDATE":"14 Feb 2017","AMOUNT":"20000.00","DETAIL":"Online : 2746733581"}, {"FDATE":"10 Feb 2017","AMOUNT":"25000.00","DETAIL":"Online : 2722897426"}, {"FDATE":"08 Jun 2017","AMOUNT":"61000.00","DETAIL":"Online : 3352941329"}, {"FDATE":"---","AMOUNT":"---","DETAIL":"---"}, {"FDATE":"24 Feb 2017","AMOUNT":"4000 INR","DETAIL":"Pep (test Fee)"}, {"FDATE":"21 Jun 2017","AMOUNT":"1500 INR","DETAIL":"Examination Fee"}, {"FDATE":"21 Jun 2017","AMOUNT":"59500 INR","DETAIL":"Tuition Fee"}, {"FDATE":"17 Feb 2017","AMOUNT":"500 INR","DETAIL":"Examination Fee"}, {"FDATE":"17 Feb 2017","AMOUNT":"19500 INR","DETAIL":"Tuition Fee"}]
