[{"TERMID":"113141","COURSECODE":"BTY100","COURSENAME":"ELEMENTARY BIOLOGY","CREDIT":"2","GRADE":"B-"}, {"TERMID":"113141","COURSECODE":"CHE121","COURSENAME":"CHEMISTRY-I","CREDIT":"3","GRADE":"A"}, {"TERMID":"113141","COURSECODE":"CSE101","COURSENAME":"COMPUTER PROGRAMMING","CREDIT":"3","GRADE":"A+"}, {"TERMID":"113141","COURSECODE":"CSE104","COURSENAME":"COMPUTER PROGRAMMING LABORATORY","CREDIT":"1","GRADE":"A+"}, {"TERMID":"113141","COURSECODE":"CSE105","COURSENAME":"CREATIVE ENGINEERING WORKSHOP-I","CREDIT":"2","GRADE":"A+"}, {"TERMID":"113141","COURSECODE":"ECE135","COURSENAME":"BASIC ELECTRONICS ENGINEERING","CREDIT":"3","GRADE":"B"}, {"TERMID":"113141","COURSECODE":"ECE136","COURSENAME":"BASIC ELECTRONICS ENGINEERING LABORATORY","CREDIT":"1","GRADE":"B-"}, {"TERMID":"113141","COURSECODE":"ENG101","COURSENAME":"FUNCTIONAL COMMUNICATION SKILLS-I","CREDIT":"3","GRADE":"A"}, {"TERMID":"113141","COURSECODE":"MEC103","COURSENAME":"ENGINEERING GRAPHICS","CREDIT":"3","GRADE":"B"}, {"TERMID":"113141","COURSECODE":"MEC109","COURSENAME":"ENGINEERING GRAPHICS LABORATORY","CREDIT":"1","GRADE":"B"}, {"TERMID":"113141","COURSECODE":"MTH107","COURSENAME":"ELEMENTARY MATHEMATICS FOR ENGINEERS","CREDIT":"3","GRADE":"A"}, {"TERMID":"113141","COURSECODE":"PHY106","COURSENAME":"APPLIED PHYSICS-I","CREDIT":"3","GRADE":"B"}, {"TERMID":"113141","COURSECODE":"PHY107","COURSENAME":"APPLIED PHYSICS LABORATORY","CREDIT":"1","GRADE":"B-"}, {"TERMID":"113142","COURSECODE":"CHE122","COURSENAME":"CHEMISTRY LABORATORY","CREDIT":"1","GRADE":"B"}, {"TERMID":"113142","COURSECODE":"CHE123","COURSENAME":"CHEMISTRY-II","CREDIT":"3","GRADE":"A+"}, {"TERMID":"113142","COURSECODE":"CSE106","COURSENAME":"CREATIVE ENGINEERING WORKSHOP-II","CREDIT":"2","GRADE":"A"}, {"TERMID":"113142","COURSECODE":"CSE202","COURSENAME":"OBJECT ORIENTED PROGRAMMING","CREDIT":"3","GRADE":"A+"}, {"TERMID":"113142","COURSECODE":"CSE203","COURSENAME":"OBJECT ORIENTED PROGRAMMING LABORATORY","CREDIT":"1","GRADE":"A+"}, {"TERMID":"113142","COURSECODE":"ECE133","COURSENAME":"BASIC ELECTRICAL ENGINEERING","CREDIT":"3","GRADE":"B"}, {"TERMID":"113142","COURSECODE":"ECE134","COURSENAME":"BASIC ELECTRICAL ENGINEERING LABORATORY","CREDIT":"1","GRADE":"A"}, {"TERMID":"113142","COURSECODE":"ENG102","COURSENAME":"FUNCTIONAL COMMUNICATION SKILLS-II","CREDIT":"3","GRADE":"B"}, {"TERMID":"113142","COURSECODE":"MEC107","COURSENAME":"BASIC ENGINEERING MECHANICS","CREDIT":"3","GRADE":"A+"}, {"TERMID":"113142","COURSECODE":"MEC108","COURSENAME":"ENGINEERING WORKSHOP","CREDIT":"2","GRADE":"A"}, {"TERMID":"113142","COURSECODE":"MTH108","COURSENAME":"DIFFERENTIAL EQUATIONS","CREDIT":"3","GRADE":"B"}, {"TERMID":"113142","COURSECODE":"PHY108","COURSENAME":"APPLIED PHYSICS-II","CREDIT":"3","GRADE":"A+"}, {"TERMID":"214151","COURSECODE":"CHE110B","COURSENAME":"ENVIRONMENT AND ECOLOGY","CREDIT":"2","GRADE":"B-"}, {"TERMID":"214151","COURSECODE":"CSE205","COURSENAME":"DATA STRUCTURES AND ALGORITHMS","CREDIT":"3","GRADE":"A+"}, {"TERMID":"214151","COURSECODE":"CSE211","COURSENAME":"COMPUTER ORGANIZATION AND DESIGN","CREDIT":"4","GRADE":"A"}, {"TERMID":"214151","COURSECODE":"CSE215","COURSENAME":"DATA STRUCTURES AND ALGORITHMS LABORATORY","CREDIT":"1","GRADE":"A+"}, {"TERMID":"214151","COURSECODE":"CSE222","COURSENAME":"BASIC SIMULATION LABORATORY","CREDIT":"1","GRADE":"B-"}, {"TERMID":"214151","COURSECODE":"CSE223","COURSENAME":"GRAPH THEORY","CREDIT":"3","GRADE":"A"}, {"TERMID":"214151","COURSECODE":"CSE326","COURSENAME":"INTERNET PROGRAMMING LABORATORY","CREDIT":"1","GRADE":"A"}, {"TERMID":"214151","COURSECODE":"ECE213","COURSENAME":"DIGITAL ELECTRONICS","CREDIT":"4","GRADE":"A"}, {"TERMID":"214151","COURSECODE":"ECE216","COURSENAME":"DIGITAL ELECTRONICS LABORATORY","CREDIT":"1","GRADE":"A"}, {"TERMID":"214151","COURSECODE":"ENG201","COURSENAME":"FUNCTIONAL COMMUNICATION SKILLS-III","CREDIT":"2","GRADE":"B-"}, {"TERMID":"214151","COURSECODE":"INT208","COURSENAME":"COMPUTING PRACTICUM-I","CREDIT":"2","GRADE":"A+"}, {"TERMID":"214151","COURSECODE":"MTH401","COURSENAME":"DISCRETE MATHEMATICS","CREDIT":"3","GRADE":"A"}, {"TERMID":"214152","COURSECODE":"CSE306","COURSENAME":"COMPUTER NETWORKS","CREDIT":"3","GRADE":"B"}, {"TERMID":"214152","COURSECODE":"CSE307","COURSENAME":"COMPUTER NETWORKS LABORATORY","CREDIT":"1","GRADE":"B"}, {"TERMID":"214152","COURSECODE":"CSE310","COURSENAME":"PROGRAMMING IN JAVA","CREDIT":"3","GRADE":"A+"}, {"TERMID":"214152","COURSECODE":"CSE317","COURSENAME":"PROGRAMMING IN JAVA LABORATORY","CREDIT":"1","GRADE":"A+"}, {"TERMID":"214152","COURSECODE":"CSE322","COURSENAME":"FORMAL LANGUAGES AND AUTOMATION THEORY","CREDIT":"3","GRADE":"B"}, {"TERMID":"214152","COURSECODE":"CSE408","COURSENAME":"DESIGN AND ANALYSIS OF ALGORITHMS","CREDIT":"3","GRADE":"B"}, {"TERMID":"214152","COURSECODE":"ECE312","COURSENAME":"MICROPROCESSOR BASED SYSTEM DESIGN","CREDIT":"3","GRADE":"A"}, {"TERMID":"214152","COURSECODE":"ECE315","COURSENAME":"MICROPROCESSOR BASED SYSTEM DESIGN LABORATORY","CREDIT":"1","GRADE":"A+"}, {"TERMID":"214152","COURSECODE":"ENG202","COURSENAME":"TECHNICAL ENGLISH","CREDIT":"1","GRADE":"B-"}, {"TERMID":"214152","COURSECODE":"INT209","COURSENAME":"COMPUTING PROJECT-I","CREDIT":"2","GRADE":"B-"}, {"TERMID":"214152","COURSECODE":"INT306","COURSENAME":"DATABASE MANAGEMENT SYSTEMS","CREDIT":"3","GRADE":"A+"}, {"TERMID":"214152","COURSECODE":"INT308","COURSENAME":"DBMS LABORATORY","CREDIT":"1","GRADE":"A+"}, {"TERMID":"214152","COURSECODE":"MTH213","COURSENAME":"COMPLEX ALGEBRA","CREDIT":"3","GRADE":"C-"}, {"TERMID":"315161","COURSECODE":"CSE304","COURSENAME":"COMPUTER GRAPHICS AND VISUALIZATION","CREDIT":"3","GRADE":"A"}, {"TERMID":"315161","COURSECODE":"CSE305","COURSENAME":"COMPUTING PRACTICUM-II","CREDIT":"2","GRADE":"A"}, {"TERMID":"315161","COURSECODE":"CSE309","COURSENAME":"COMPUTER GRAPHICS AND VISUALIZATION LABORATORY","CREDIT":"1","GRADE":"A+"}, {"TERMID":"315161","COURSECODE":"CSE316","COURSENAME":"OPERATING SYSTEMS","CREDIT":"3","GRADE":"A"}, {"TERMID":"315161","COURSECODE":"CSE320","COURSENAME":"SOFTWARE ENGINEERING","CREDIT":"3","GRADE":"C"}, {"TERMID":"315161","COURSECODE":"CSE325","COURSENAME":"OPERATING SYSTEMS LABORATORY","CREDIT":"1","GRADE":"A+"}, {"TERMID":"315161","COURSECODE":"MEC883","COURSENAME":"AUTOMOBILE ENGINEERING","CREDIT":"3","GRADE":"C"}, {"TERMID":"315161","COURSECODE":"MGN313","COURSENAME":"MANAGEMENT PRACTICES AND ORGANIZATIONAL BEHAVIOR","CREDIT":"3","GRADE":"B"}, {"TERMID":"315161","COURSECODE":"MTH302","COURSENAME":"PROBABILITY AND STATISTICS","CREDIT":"3","GRADE":"A"}, {"TERMID":"315161","COURSECODE":"PEA303","COURSENAME":"QUANTITATIVE APTITUDE","CREDIT":"3","GRADE":"B-"}, {"TERMID":"315161","COURSECODE":"PES312","COURSENAME":"SOFT SKILLS-I","CREDIT":"3","GRADE":"C"}, {"TERMID":"315162","COURSECODE":"CSE308","COURSENAME":"COMPUTING PROJECT-II","CREDIT":"2","GRADE":"B-"}, {"TERMID":"315162","COURSECODE":"CSE315","COURSENAME":"OBJECT ORIENTED ANALYSIS AND DESIGN","CREDIT":"2","GRADE":"C"}, {"TERMID":"315162","COURSECODE":"CSE319","COURSENAME":"OBJECT ORIENTED ANALYSIS AND DESIGN LABORATORY","CREDIT":"1","GRADE":"B-"}, {"TERMID":"315162","COURSECODE":"CSE415","COURSENAME":"COMPILER DESIGN","CREDIT":"2","GRADE":"B"}, {"TERMID":"315162","COURSECODE":"CSE419","COURSENAME":"COMPILER DESIGN LABORATORY","CREDIT":"1","GRADE":"A"}, {"TERMID":"315162","COURSECODE":"CSE423","COURSENAME":"VIRTUALIZATION AND CLOUD COMPUTING","CREDIT":"3","GRADE":"B-"}, {"TERMID":"315162","COURSECODE":"CSE427","COURSENAME":"VIRTUALIZATION AND CLOUD COMPUTING LABORATORY","CREDIT":"1","GRADE":"A"}, {"TERMID":"315162","COURSECODE":"ECO310","COURSENAME":"ECONOMICS FOR ENGINEERS","CREDIT":"3","GRADE":"C"}, {"TERMID":"315162","COURSECODE":"INT404","COURSENAME":"ARTIFICIAL INTELLIGENCE","CREDIT":"4","GRADE":"A+"}, {"TERMID":"315162","COURSECODE":"MTH402","COURSENAME":"FUZZY MATHEMATICS","CREDIT":"3","GRADE":"B-"}, {"TERMID":"315162","COURSECODE":"PEA304","COURSENAME":"REASONING APTITUDE","CREDIT":"3","GRADE":"B-"}, {"TERMID":"416171","COURSECODE":"CSE406","COURSENAME":"ADVANCED JAVA PROGRAMMING","CREDIT":"4","GRADE":"B"}, {"TERMID":"416171","COURSECODE":"CSE443","COURSENAME":"SEMINAR ON SUMMER TRAINING","CREDIT":"3","GRADE":"A+"}, {"TERMID":"416171","COURSECODE":"CSE445","COURSENAME":"CAPSTONE PROJECT","CREDIT":"10","GRADE":"B"}, {"TERMID":"416171","COURSECODE":"CSE501","COURSENAME":"DATA WAREHOUSING AND DATA MINING","CREDIT":"3","GRADE":"B"}, {"TERMID":"416171","COURSECODE":"CSE506","COURSENAME":"NETWORK SECURITY AND CRYPTOGRAPHY","CREDIT":"3","GRADE":"B-"}, {"TERMID":"416171","COURSECODE":"CSE515","COURSENAME":"NETWORK SECURITY AND CRYPTOGRAPHY LABORATORY","CREDIT":"1","GRADE":"A+"}, {"TERMID":"416171","COURSECODE":"CSE539","COURSENAME":"ADVANCED COMPUTER ARCHITECTURE","CREDIT":"3","GRADE":"B-"}, {"TERMID":"416171","COURSECODE":"FST700","COURSENAME":"FASHION AND DESIGN BASICS","CREDIT":"3","GRADE":"B"}, {"TERMID":"416171","COURSECODE":"INT405","COURSENAME":"COMPUTING PRACTICUM-III","CREDIT":"2","GRADE":"A"}, {"TERMID":"416171","COURSECODE":"INT411","COURSENAME":"SOFTWARE PROJECT MANAGEMENT","CREDIT":"3","GRADE":"B-"}, {"TERMID":"416171","COURSECODE":"INT416","COURSENAME":"SOFTWARE PROJECT MANAGEMENT LABORATORY","CREDIT":"1","GRADE":"A"}, {"TERMID":"416171","COURSECODE":"INT418","COURSENAME":"MOBILE COMPUTING","CREDIT":"3","GRADE":"B-"}, {"TERMID":"416172","COURSECODE":"CSE505","COURSENAME":"ADVANCED DATA STRUCTURES AND ALGORITHMS LABORATORY","CREDIT":"1","GRADE":"A+"}, {"TERMID":"416172","COURSECODE":"CSE508","COURSENAME":"KNOWLEDGE BASED EXPERT SYSTEMS","CREDIT":"3","GRADE":"B"}, {"TERMID":"416172","COURSECODE":"CSE513","COURSENAME":"MACHINE LEARNING","CREDIT":"3","GRADE":"B"}, {"TERMID":"416172","COURSECODE":"CSE514","COURSENAME":"IMAGE PROCESSING AND PATTERN RECOGNITION","CREDIT":"3","GRADE":"B"}, {"TERMID":"416172","COURSECODE":"CSE516","COURSENAME":"RESEARCH METHODOLOGY","CREDIT":"3","GRADE":"B-"}, {"TERMID":"416172","COURSECODE":"CSE519","COURSENAME":"IMAGE PROCESSING LABORATORY","CREDIT":"1","GRADE":"B"}, {"TERMID":"416172","COURSECODE":"CSE523","COURSENAME":"ADVANCED DATA STRUCTURE AND ALGORITHMS","CREDIT":"3","GRADE":"B"}, {"TERMID":"416172","COURSECODE":"CSE535","COURSENAME":"DISTRIBUTED OPERATING SYSTEMS","CREDIT":"3","GRADE":"A"}, {"TERMID":"416172","COURSECODE":"CSE547","COURSENAME":"DISSERTATION-I","CREDIT":"3","GRADE":"A"}, {"TERMID":"416172","COURSECODE":"INT511","COURSENAME":"NEURAL NETWORKS","CREDIT":"3","GRADE":"C"}]
