[{"NEWSDATE":"2017-10-14","CONTENT":"Arjuna Awardee Olympian Shooter becomes LPU Student"}, {"NEWSDATE":"2017-10-23","CONTENT":"LPU launched its Jalandhar Alumni Chapter"}, {"NEWSDATE":"2017-10-26","CONTENT":"Zonal Co-Curricular Academic Competitions-2017 of Punjab School Education Board concluded at LPU"}, {"NEWSDATE":"2017-10-28","CONTENT":"Ambassador of Mali inaugurated 18th Geographers Meet International Conference at LPU"}, {"NEWSDATE":"2017-10-30","CONTENT":"Additional Chief Secretary Tamil Nadu Mr Jagmohan Singh Raju launched his book titled Ramrajya - the peoples welfare state at LPU campus"}]
