[{"TERMID":"113141","COURSECODE":"BTY100","COURSEName":"ELEMENTARY BIOLOGY","DESCRIPTION":"Continuous Assessment","MAXMARKS":"100","MARKSOBT":"68","WeightMarksMax":"20","WMarksObt":"14"}, {"TERMID":"113141","COURSECODE":null,"COURSEName":null,"DESCRIPTION":"Theory Mid Term","MAXMARKS":"50","MARKSOBT":"22","WeightMarksMax":"25","WMarksObt":"11"}, {"TERMID":"113141","COURSECODE":null,"COURSEName":null,"DESCRIPTION":"Theory End Term","MAXMARKS":"100","MARKSOBT":"38","WeightMarksMax":"50","WMarksObt":"19"}, {"TERMID":"113141","COURSECODE":null,"COURSEName":null,"DESCRIPTION":"Attendance Marks","MAXMARKS":"5","MARKSOBT":"5","WeightMarksMax":"5","WMarksObt":"5"}, {"TERMID":"113141","COURSECODE":"CHE121","COURSEName":"CHEMISTRY-I","DESCRIPTION":"Continuous Assessment","MAXMARKS":"100","MARKSOBT":"80","WeightMarksMax":"20","WMarksObt":"16"}, {"TERMID":"113141","COURSECODE":null,"COURSEName":null,"DESCRIPTION":"Theory Mid Term","MAXMARKS":"50","MARKSOBT":"46","WeightMarksMax":"25","WMarksObt":"23"}, {"TERMID":"113141","COURSECODE":null,"COURSEName":null,"DESCRIPTION":"Theory End Term","MAXMARKS":"100","MARKSOBT":"68","WeightMarksMax":"50","WMarksObt":"34"}, {"TERMID":"113141","COURSECODE":null,"COURSEName":null,"DESCRIPTION":"Attendance Marks","MAXMARKS":"5","MARKSOBT":"4","WeightMarksMax":"5","WMarksObt":"4"}, {"TERMID":"113141","COURSECODE":"CSE101","COURSEName":"COMPUTER PROGRAMMING","DESCRIPTION":"Continuous Assessment","MAXMARKS":"100","MARKSOBT":"85","WeightMarksMax":"20","WMarksObt":"17"}, {"TERMID":"113141","COURSECODE":null,"COURSEName":null,"DESCRIPTION":"Theory Mid Term","MAXMARKS":"50","MARKSOBT":"40","WeightMarksMax":"25","WMarksObt":"20"}, {"TERMID":"113141","COURSECODE":null,"COURSEName":null,"DESCRIPTION":"Theory End Term","MAXMARKS":"100","MARKSOBT":"80","WeightMarksMax":"50","WMarksObt":"40"}, {"TERMID":"113141","COURSECODE":null,"COURSEName":null,"DESCRIPTION":"Attendance Marks","MAXMARKS":"5","MARKSOBT":"5","WeightMarksMax":"5","WMarksObt":"5"}, {"TERMID":"113141","COURSECODE":"CSE104","COURSEName":"COMPUTER PROGRAMMING LABORATORY","DESCRIPTION":"Continuous Assessment","MAXMARKS":"100","MARKSOBT":"100","WeightMarksMax":"25","WMarksObt":"25"}, {"TERMID":"113141","COURSECODE":null,"COURSEName":null,"DESCRIPTION":"Practical Mid Term","MAXMARKS":"50","MARKSOBT":"45","WeightMarksMax":"20","WMarksObt":"18"}, {"TERMID":"113141","COURSECODE":null,"COURSEName":null,"DESCRIPTION":"Practical End Term","MAXMARKS":"100","MARKSOBT":"93","WeightMarksMax":"50","WMarksObt":"47"}, {"TERMID":"113141","COURSECODE":null,"COURSEName":null,"DESCRIPTION":"Attendance Marks","MAXMARKS":"5","MARKSOBT":"4","WeightMarksMax":"5","WMarksObt":"4"}, {"TERMID":"113141","COURSECODE":"CSE105","COURSEName":"CREATIVE ENGINEERING WORKSHOP-I","DESCRIPTION":"Continuous Assessment","MAXMARKS":"100","MARKSOBT":"93","WeightMarksMax":"25","WMarksObt":"24"}, {"TERMID":"113141","COURSECODE":null,"COURSEName":null,"DESCRIPTION":"Practical Mid Term","MAXMARKS":"50","MARKSOBT":"43","WeightMarksMax":"20","WMarksObt":"18"}, {"TERMID":"113141","COURSECODE":null,"COURSEName":null,"DESCRIPTION":"Practical End Term","MAXMARKS":"100","MARKSOBT":"91","WeightMarksMax":"50","WMarksObt":"46"}, {"TERMID":"113141","COURSECODE":null,"COURSEName":null,"DESCRIPTION":"Attendance Marks","MAXMARKS":"5","MARKSOBT":"5","WeightMarksMax":"5","WMarksObt":"5"}, {"TERMID":"113141","COURSECODE":"ECE135","COURSEName":"BASIC ELECTRONICS ENGINEERING","DESCRIPTION":"Continuous Assessment","MAXMARKS":"100","MARKSOBT":"57","WeightMarksMax":"20","WMarksObt":"12"}, {"TERMID":"113141","COURSECODE":null,"COURSEName":null,"DESCRIPTION":"Theory Mid Term","MAXMARKS":"50","MARKSOBT":"35","WeightMarksMax":"25","WMarksObt":"18"}, {"TERMID":"113141","COURSECODE":null,"COURSEName":null,"DESCRIPTION":"Theory End Term","MAXMARKS":"100","MARKSOBT":"39","WeightMarksMax":"50","WMarksObt":"20"}, {"TERMID":"113141","COURSECODE":null,"COURSEName":null,"DESCRIPTION":"Attendance Marks","MAXMARKS":"5","MARKSOBT":"4","WeightMarksMax":"5","WMarksObt":"4"}, {"TERMID":"113141","COURSECODE":"ECE136","COURSEName":"BASIC ELECTRONICS ENGINEERING LABORATORY","DESCRIPTION":"Continuous Assessment","MAXMARKS":"100","MARKSOBT":"92","WeightMarksMax":"25","WMarksObt":"23"}, {"TERMID":"113141","COURSECODE":null,"COURSEName":null,"DESCRIPTION":"Practical Mid Term","MAXMARKS":"50","MARKSOBT":"36","WeightMarksMax":"20","WMarksObt":"15"}, {"TERMID":"113141","COURSECODE":null,"COURSEName":null,"DESCRIPTION":"Practical End Term","MAXMARKS":"100","MARKSOBT":"50","WeightMarksMax":"50","WMarksObt":"25"}, {"TERMID":"113141","COURSECODE":null,"COURSEName":null,"DESCRIPTION":"Attendance Marks","MAXMARKS":"5","MARKSOBT":"4","WeightMarksMax":"5","WMarksObt":"4"}, {"TERMID":"113141","COURSECODE":"ENG101","COURSEName":"FUNCTIONAL COMMUNICATION SKILLS-I","DESCRIPTION":"Continuous Assessment","MAXMARKS":"100","MARKSOBT":"70","WeightMarksMax":"30","WMarksObt":"21"}, {"TERMID":"113141","COURSECODE":null,"COURSEName":null,"DESCRIPTION":"Theory Mid Term","MAXMARKS":"50","MARKSOBT":"47","WeightMarksMax":"25","WMarksObt":"24"}, {"TERMID":"113141","COURSECODE":null,"COURSEName":null,"DESCRIPTION":"Theory End Term","MAXMARKS":"100","MARKSOBT":"81","WeightMarksMax":"40","WMarksObt":"33"}, {"TERMID":"113141","COURSECODE":null,"COURSEName":null,"DESCRIPTION":"Attendance Marks","MAXMARKS":"5","MARKSOBT":"4","WeightMarksMax":"5","WMarksObt":"4"}, {"TERMID":"113141","COURSECODE":"MEC103","COURSEName":"ENGINEERING GRAPHICS","DESCRIPTION":"Continuous Assessment","MAXMARKS":"100","MARKSOBT":"74","WeightMarksMax":"20","WMarksObt":"15"}, {"TERMID":"113141","COURSECODE":null,"COURSEName":null,"DESCRIPTION":"Theory Mid Term","MAXMARKS":"50","MARKSOBT":"19","WeightMarksMax":"25","WMarksObt":"10"}, {"TERMID":"113141","COURSECODE":null,"COURSEName":null,"DESCRIPTION":"Theory End Term","MAXMARKS":"100","MARKSOBT":"43","WeightMarksMax":"50","WMarksObt":"22"}, {"TERMID":"113141","COURSECODE":null,"COURSEName":null,"DESCRIPTION":"Attendance Marks","MAXMARKS":"5","MARKSOBT":"5","WeightMarksMax":"5","WMarksObt":"5"}, {"TERMID":"113141","COURSECODE":"MEC109","COURSEName":"ENGINEERING GRAPHICS LABORATORY","DESCRIPTION":"Continuous Assessment","MAXMARKS":"100","MARKSOBT":"79","WeightMarksMax":"25","WMarksObt":"20"}, {"TERMID":"113141","COURSECODE":null,"COURSEName":null,"DESCRIPTION":"Practical Mid Term","MAXMARKS":"50","MARKSOBT":"32","WeightMarksMax":"20","WMarksObt":"13"}, {"TERMID":"113141","COURSECODE":null,"COURSEName":null,"DESCRIPTION":"Practical End Term","MAXMARKS":"100","MARKSOBT":"71","WeightMarksMax":"50","WMarksObt":"36"}, {"TERMID":"113141","COURSECODE":null,"COURSEName":null,"DESCRIPTION":"Attendance Marks","MAXMARKS":"5","MARKSOBT":"4","WeightMarksMax":"5","WMarksObt":"4"}, {"TERMID":"113141","COURSECODE":"MTH107","COURSEName":"ELEMENTARY MATHEMATICS FOR ENGINEERS","DESCRIPTION":"Continuous Assessment","MAXMARKS":"100","MARKSOBT":"72","WeightMarksMax":"20","WMarksObt":"15"}, {"TERMID":"113141","COURSECODE":null,"COURSEName":null,"DESCRIPTION":"Theory Mid Term","MAXMARKS":"50","MARKSOBT":"44","WeightMarksMax":"25","WMarksObt":"22"}, {"TERMID":"113141","COURSECODE":null,"COURSEName":null,"DESCRIPTION":"Theory End Term","MAXMARKS":"100","MARKSOBT":"69","WeightMarksMax":"50","WMarksObt":"35"}, {"TERMID":"113141","COURSECODE":null,"COURSEName":null,"DESCRIPTION":"Attendance Marks","MAXMARKS":"5","MARKSOBT":"4","WeightMarksMax":"5","WMarksObt":"4"}, {"TERMID":"113141","COURSECODE":"PHY106","COURSEName":"APPLIED PHYSICS-I","DESCRIPTION":"Continuous Assessment","MAXMARKS":"100","MARKSOBT":"64","WeightMarksMax":"20","WMarksObt":"13"}, {"TERMID":"113141","COURSECODE":null,"COURSEName":null,"DESCRIPTION":"Theory Mid Term","MAXMARKS":"50","MARKSOBT":"32","WeightMarksMax":"25","WMarksObt":"16"}, {"TERMID":"113141","COURSECODE":null,"COURSEName":null,"DESCRIPTION":"Theory End Term","MAXMARKS":"100","MARKSOBT":"65","WeightMarksMax":"50","WMarksObt":"33"}, {"TERMID":"113141","COURSECODE":null,"COURSEName":null,"DESCRIPTION":"Attendance Marks","MAXMARKS":"5","MARKSOBT":"5","WeightMarksMax":"5","WMarksObt":"5"}, {"TERMID":"113141","COURSECODE":"PHY107","COURSEName":"APPLIED PHYSICS LABORATORY","DESCRIPTION":"Continuous Assessment","MAXMARKS":"100","MARKSOBT":"65","WeightMarksMax":"25","WMarksObt":"17"}, {"TERMID":"113141","COURSECODE":null,"COURSEName":null,"DESCRIPTION":"Practical Mid Term","MAXMARKS":"50","MARKSOBT":"40","WeightMarksMax":"20","WMarksObt":"16"}, {"TERMID":"113141","COURSECODE":null,"COURSEName":null,"DESCRIPTION":"Practical End Term","MAXMARKS":"100","MARKSOBT":"62","WeightMarksMax":"50","WMarksObt":"31"}, {"TERMID":"113141","COURSECODE":null,"COURSEName":null,"DESCRIPTION":"Attendance Marks","MAXMARKS":"5","MARKSOBT":"4","WeightMarksMax":"5","WMarksObt":"4"}, {"TERMID":"113142","COURSECODE":"CHE122","COURSEName":"CHEMISTRY LABORATORY","DESCRIPTION":"Continuous Assessment","MAXMARKS":"100","MARKSOBT":"84","WeightMarksMax":"25","WMarksObt":"21"}, {"TERMID":"113142","COURSECODE":null,"COURSEName":null,"DESCRIPTION":"Practical Mid Term","MAXMARKS":"50","MARKSOBT":"38","WeightMarksMax":"20","WMarksObt":"16"}, {"TERMID":"113142","COURSECODE":null,"COURSEName":null,"DESCRIPTION":"Practical End Term","MAXMARKS":"100","MARKSOBT":"71","WeightMarksMax":"50","WMarksObt":"36"}, {"TERMID":"113142","COURSECODE":null,"COURSEName":null,"DESCRIPTION":"Attendance Marks","MAXMARKS":"5","MARKSOBT":"3","WeightMarksMax":"5","WMarksObt":"3"}, {"TERMID":"113142","COURSECODE":"CHE123","COURSEName":"CHEMISTRY-II","DESCRIPTION":"Continuous Assessment","MAXMARKS":"100","MARKSOBT":"69","WeightMarksMax":"20","WMarksObt":"14"}, {"TERMID":"113142","COURSECODE":null,"COURSEName":null,"DESCRIPTION":"Theory Mid Term","MAXMARKS":"50","MARKSOBT":"31","WeightMarksMax":"25","WMarksObt":"16"}, {"TERMID":"113142","COURSECODE":null,"COURSEName":null,"DESCRIPTION":"Theory End Term","MAXMARKS":"100","MARKSOBT":"87","WeightMarksMax":"50","WMarksObt":"44"}, {"TERMID":"113142","COURSECODE":null,"COURSEName":null,"DESCRIPTION":"Attendance Marks","MAXMARKS":"5","MARKSOBT":"3","WeightMarksMax":"5","WMarksObt":"3"}, {"TERMID":"113142","COURSECODE":"CSE106","COURSEName":"CREATIVE ENGINEERING WORKSHOP-II","DESCRIPTION":"Continuous Assessment","MAXMARKS":"100","MARKSOBT":"94","WeightMarksMax":"25","WMarksObt":"24"}, {"TERMID":"113142","COURSECODE":null,"COURSEName":null,"DESCRIPTION":"Practical Mid Term","MAXMARKS":"50","MARKSOBT":"38","WeightMarksMax":"20","WMarksObt":"16"}, {"TERMID":"113142","COURSECODE":null,"COURSEName":null,"DESCRIPTION":"Practical End Term","MAXMARKS":"100","MARKSOBT":"78","WeightMarksMax":"50","WMarksObt":"39"}, {"TERMID":"113142","COURSECODE":null,"COURSEName":null,"DESCRIPTION":"Attendance Marks","MAXMARKS":"5","MARKSOBT":"2","WeightMarksMax":"5","WMarksObt":"2"}, {"TERMID":"113142","COURSECODE":"CSE202","COURSEName":"OBJECT ORIENTED PROGRAMMING","DESCRIPTION":"Continuous Assessment","MAXMARKS":"100","MARKSOBT":"80","WeightMarksMax":"20","WMarksObt":"16"}, {"TERMID":"113142","COURSECODE":null,"COURSEName":null,"DESCRIPTION":"Theory Mid Term","MAXMARKS":"50","MARKSOBT":"38","WeightMarksMax":"25","WMarksObt":"19"}, {"TERMID":"113142","COURSECODE":null,"COURSEName":null,"DESCRIPTION":"Theory End Term","MAXMARKS":"100","MARKSOBT":"67","WeightMarksMax":"50","WMarksObt":"34"}, {"TERMID":"113142","COURSECODE":null,"COURSEName":null,"DESCRIPTION":"Attendance Marks","MAXMARKS":"5","MARKSOBT":"2","WeightMarksMax":"5","WMarksObt":"2"}, {"TERMID":"113142","COURSECODE":"CSE203","COURSEName":"OBJECT ORIENTED PROGRAMMING LABORATORY","DESCRIPTION":"Continuous Assessment","MAXMARKS":"100","MARKSOBT":"99","WeightMarksMax":"25","WMarksObt":"25"}, {"TERMID":"113142","COURSECODE":null,"COURSEName":null,"DESCRIPTION":"Practical Mid Term","MAXMARKS":"50","MARKSOBT":"43","WeightMarksMax":"20","WMarksObt":"18"}, {"TERMID":"113142","COURSECODE":null,"COURSEName":null,"DESCRIPTION":"Practical End Term","MAXMARKS":"100","MARKSOBT":"100","WeightMarksMax":"50","WMarksObt":"50"}, {"TERMID":"113142","COURSECODE":null,"COURSEName":null,"DESCRIPTION":"Attendance Marks","MAXMARKS":"5","MARKSOBT":"4","WeightMarksMax":"5","WMarksObt":"4"}, {"TERMID":"113142","COURSECODE":"ECE133","COURSEName":"BASIC ELECTRICAL ENGINEERING","DESCRIPTION":"Continuous Assessment","MAXMARKS":"100","MARKSOBT":"45","WeightMarksMax":"20","WMarksObt":"9"}, {"TERMID":"113142","COURSECODE":null,"COURSEName":null,"DESCRIPTION":"Theory Mid Term","MAXMARKS":"50","MARKSOBT":"25","WeightMarksMax":"25","WMarksObt":"13"}, {"TERMID":"113142","COURSECODE":null,"COURSEName":null,"DESCRIPTION":"Theory End Term","MAXMARKS":"100","MARKSOBT":"60","WeightMarksMax":"50","WMarksObt":"30"}, {"TERMID":"113142","COURSECODE":null,"COURSEName":null,"DESCRIPTION":"Attendance Marks","MAXMARKS":"5","MARKSOBT":"2","WeightMarksMax":"5","WMarksObt":"2"}, {"TERMID":"113142","COURSECODE":"ECE134","COURSEName":"BASIC ELECTRICAL ENGINEERING LABORATORY","DESCRIPTION":"Continuous Assessment","MAXMARKS":"100","MARKSOBT":"81","WeightMarksMax":"25","WMarksObt":"21"}, {"TERMID":"113142","COURSECODE":null,"COURSEName":null,"DESCRIPTION":"Practical Mid Term","MAXMARKS":"50","MARKSOBT":"35","WeightMarksMax":"20","WMarksObt":"14"}, {"TERMID":"113142","COURSECODE":null,"COURSEName":null,"DESCRIPTION":"Practical End Term","MAXMARKS":"100","MARKSOBT":"81","WeightMarksMax":"50","WMarksObt":"41"}, {"TERMID":"113142","COURSECODE":null,"COURSEName":null,"DESCRIPTION":"Attendance Marks","MAXMARKS":"5","MARKSOBT":"2","WeightMarksMax":"5","WMarksObt":"2"}, {"TERMID":"113142","COURSECODE":"ENG102","COURSEName":"FUNCTIONAL COMMUNICATION SKILLS-II","DESCRIPTION":"Continuous Assessment","MAXMARKS":"100","MARKSOBT":"67","WeightMarksMax":"30","WMarksObt":"21"}, {"TERMID":"113142","COURSECODE":null,"COURSEName":null,"DESCRIPTION":"Theory Mid Term","MAXMARKS":"50","MARKSOBT":"33","WeightMarksMax":"25","WMarksObt":"17"}, {"TERMID":"113142","COURSECODE":null,"COURSEName":null,"DESCRIPTION":"Theory End Term","MAXMARKS":"100","MARKSOBT":"79","WeightMarksMax":"40","WMarksObt":"32"}, {"TERMID":"113142","COURSECODE":null,"COURSEName":null,"DESCRIPTION":"Attendance Marks","MAXMARKS":"5","MARKSOBT":"3","WeightMarksMax":"5","WMarksObt":"3"}, {"TERMID":"113142","COURSECODE":"MEC107","COURSEName":"BASIC ENGINEERING MECHANICS","DESCRIPTION":"Continuous Assessment","MAXMARKS":"100","MARKSOBT":"62","WeightMarksMax":"20","WMarksObt":"13"}, {"TERMID":"113142","COURSECODE":null,"COURSEName":null,"DESCRIPTION":"Theory Mid Term","MAXMARKS":"50","MARKSOBT":"37","WeightMarksMax":"25","WMarksObt":"19"}, {"TERMID":"113142","COURSECODE":null,"COURSEName":null,"DESCRIPTION":"Theory End Term","MAXMARKS":"100","MARKSOBT":"80","WeightMarksMax":"50","WMarksObt":"40"}, {"TERMID":"113142","COURSECODE":null,"COURSEName":null,"DESCRIPTION":"Attendance Marks","MAXMARKS":"5","MARKSOBT":"3","WeightMarksMax":"5","WMarksObt":"3"}, {"TERMID":"113142","COURSECODE":"MEC108","COURSEName":"ENGINEERING WORKSHOP","DESCRIPTION":"Continuous Assessment","MAXMARKS":"100","MARKSOBT":"91","WeightMarksMax":"25","WMarksObt":"23"}, {"TERMID":"113142","COURSECODE":null,"COURSEName":null,"DESCRIPTION":"Practical Mid Term","MAXMARKS":"50","MARKSOBT":"38","WeightMarksMax":"20","WMarksObt":"16"}, {"TERMID":"113142","COURSECODE":null,"COURSEName":null,"DESCRIPTION":"Practical End Term","MAXMARKS":"100","MARKSOBT":"80","WeightMarksMax":"50","WMarksObt":"40"}, {"TERMID":"113142","COURSECODE":null,"COURSEName":null,"DESCRIPTION":"Attendance Marks","MAXMARKS":"5","MARKSOBT":"3","WeightMarksMax":"5","WMarksObt":"3"}, {"TERMID":"113142","COURSECODE":"MTH108","COURSEName":"DIFFERENTIAL EQUATIONS","DESCRIPTION":"Continuous Assessment","MAXMARKS":"100","MARKSOBT":"89","WeightMarksMax":"20","WMarksObt":"18"}, {"TERMID":"113142","COURSECODE":null,"COURSEName":null,"DESCRIPTION":"Theory Mid Term","MAXMARKS":"50","MARKSOBT":"39","WeightMarksMax":"25","WMarksObt":"20"}, {"TERMID":"113142","COURSECODE":null,"COURSEName":null,"DESCRIPTION":"Theory End Term","MAXMARKS":"100","MARKSOBT":"69","WeightMarksMax":"50","WMarksObt":"35"}, {"TERMID":"113142","COURSECODE":null,"COURSEName":null,"DESCRIPTION":"Attendance Marks","MAXMARKS":"5","MARKSOBT":"0","WeightMarksMax":"5","WMarksObt":"0"}, {"TERMID":"113142","COURSECODE":"PHY108","COURSEName":"APPLIED PHYSICS-II","DESCRIPTION":"Continuous Assessment","MAXMARKS":"100","MARKSOBT":"59","WeightMarksMax":"20","WMarksObt":"12"}, {"TERMID":"113142","COURSECODE":null,"COURSEName":null,"DESCRIPTION":"Theory Mid Term","MAXMARKS":"50","MARKSOBT":"38","WeightMarksMax":"25","WMarksObt":"19"}, {"TERMID":"113142","COURSECODE":null,"COURSEName":null,"DESCRIPTION":"Theory End Term","MAXMARKS":"100","MARKSOBT":"79","WeightMarksMax":"50","WMarksObt":"40"}, {"TERMID":"113142","COURSECODE":null,"COURSEName":null,"DESCRIPTION":"Attendance Marks","MAXMARKS":"5","MARKSOBT":"2","WeightMarksMax":"5","WMarksObt":"2"}, {"TERMID":"214151","COURSECODE":"CHE110B","COURSEName":"ENVIRONMENT AND ECOLOGY","DESCRIPTION":"Continuous Assessment","MAXMARKS":"100","MARKSOBT":"38","WeightMarksMax":"20","WMarksObt":"8"}, {"TERMID":"214151","COURSECODE":null,"COURSEName":null,"DESCRIPTION":"Theory Mid Term","MAXMARKS":"50","MARKSOBT":"35","WeightMarksMax":"25","WMarksObt":"18"}, {"TERMID":"214151","COURSECODE":null,"COURSEName":null,"DESCRIPTION":"Theory End Term","MAXMARKS":"100","MARKSOBT":"72","WeightMarksMax":"50","WMarksObt":"36"}, {"TERMID":"214151","COURSECODE":null,"COURSEName":null,"DESCRIPTION":"Attendance Marks","MAXMARKS":"5","MARKSOBT":"0","WeightMarksMax":"5","WMarksObt":"0"}, {"TERMID":"214151","COURSECODE":"CSE205","COURSEName":"DATA STRUCTURES AND ALGORITHMS","DESCRIPTION":"Continuous Assessment","MAXMARKS":"100","MARKSOBT":"57","WeightMarksMax":"20","WMarksObt":"12"}, {"TERMID":"214151","COURSECODE":null,"COURSEName":null,"DESCRIPTION":"Theory Mid Term","MAXMARKS":"50","MARKSOBT":"43","WeightMarksMax":"25","WMarksObt":"22"}, {"TERMID":"214151","COURSECODE":null,"COURSEName":null,"DESCRIPTION":"Theory End Term","MAXMARKS":"100","MARKSOBT":"81","WeightMarksMax":"50","WMarksObt":"41"}, {"TERMID":"214151","COURSECODE":null,"COURSEName":null,"DESCRIPTION":"Attendance Marks","MAXMARKS":"5","MARKSOBT":"2","WeightMarksMax":"5","WMarksObt":"2"}, {"TERMID":"214151","COURSECODE":"CSE211","COURSEName":"COMPUTER ORGANIZATION AND DESIGN","DESCRIPTION":"Continuous Assessment","MAXMARKS":"100","MARKSOBT":"50","WeightMarksMax":"20","WMarksObt":"10"}, {"TERMID":"214151","COURSECODE":null,"COURSEName":null,"DESCRIPTION":"Theory Mid Term","MAXMARKS":"50","MARKSOBT":"32","WeightMarksMax":"25","WMarksObt":"16"}, {"TERMID":"214151","COURSECODE":null,"COURSEName":null,"DESCRIPTION":"Theory End Term","MAXMARKS":"100","MARKSOBT":"69","WeightMarksMax":"50","WMarksObt":"35"}, {"TERMID":"214151","COURSECODE":null,"COURSEName":null,"DESCRIPTION":"Attendance Marks","MAXMARKS":"5","MARKSOBT":"2","WeightMarksMax":"5","WMarksObt":"2"}, {"TERMID":"214151","COURSECODE":"CSE215","COURSEName":"DATA STRUCTURES AND ALGORITHMS LABORATORY","DESCRIPTION":"Continuous Assessment","MAXMARKS":"100","MARKSOBT":"95","WeightMarksMax":"45","WMarksObt":"43"}, {"TERMID":"214151","COURSECODE":null,"COURSEName":null,"DESCRIPTION":"Practical End Term","MAXMARKS":"100","MARKSOBT":"95","WeightMarksMax":"50","WMarksObt":"48"}, {"TERMID":"214151","COURSECODE":null,"COURSEName":null,"DESCRIPTION":"Attendance Marks","MAXMARKS":"5","MARKSOBT":"3","WeightMarksMax":"5","WMarksObt":"3"}, {"TERMID":"214151","COURSECODE":"CSE222","COURSEName":"BASIC SIMULATION LABORATORY","DESCRIPTION":"Continuous Assessment","MAXMARKS":"100","MARKSOBT":"48","WeightMarksMax":"45","WMarksObt":"22"}, {"TERMID":"214151","COURSECODE":null,"COURSEName":null,"DESCRIPTION":"Practical End Term","MAXMARKS":"100","MARKSOBT":"88","WeightMarksMax":"50","WMarksObt":"44"}, {"TERMID":"214151","COURSECODE":null,"COURSEName":null,"DESCRIPTION":"Attendance Marks","MAXMARKS":"5","MARKSOBT":"0","WeightMarksMax":"5","WMarksObt":"0"}, {"TERMID":"214151","COURSECODE":"CSE223","COURSEName":"GRAPH THEORY","DESCRIPTION":"Continuous Assessment","MAXMARKS":"100","MARKSOBT":"65","WeightMarksMax":"20","WMarksObt":"13"}, {"TERMID":"214151","COURSECODE":null,"COURSEName":null,"DESCRIPTION":"Theory Mid Term","MAXMARKS":"50","MARKSOBT":"45","WeightMarksMax":"25","WMarksObt":"23"}, {"TERMID":"214151","COURSECODE":null,"COURSEName":null,"DESCRIPTION":"Theory End Term","MAXMARKS":"100","MARKSOBT":"85","WeightMarksMax":"50","WMarksObt":"43"}, {"TERMID":"214151","COURSECODE":null,"COURSEName":null,"DESCRIPTION":"Attendance Marks","MAXMARKS":"5","MARKSOBT":"0","WeightMarksMax":"5","WMarksObt":"0"}, {"TERMID":"214151","COURSECODE":"CSE326","COURSEName":"INTERNET PROGRAMMING LABORATORY","DESCRIPTION":"Continuous Assessment","MAXMARKS":"100","MARKSOBT":"93","WeightMarksMax":"45","WMarksObt":"42"}, {"TERMID":"214151","COURSECODE":null,"COURSEName":null,"DESCRIPTION":"Practical End Term","MAXMARKS":"100","MARKSOBT":"77","WeightMarksMax":"50","WMarksObt":"39"}, {"TERMID":"214151","COURSECODE":null,"COURSEName":null,"DESCRIPTION":"Attendance Marks","MAXMARKS":"5","MARKSOBT":"0","WeightMarksMax":"5","WMarksObt":"0"}, {"TERMID":"214151","COURSECODE":"ECE213","COURSEName":"DIGITAL ELECTRONICS","DESCRIPTION":"Continuous Assessment","MAXMARKS":"100","MARKSOBT":"39","WeightMarksMax":"20","WMarksObt":"8"}, {"TERMID":"214151","COURSECODE":null,"COURSEName":null,"DESCRIPTION":"Theory Mid Term","MAXMARKS":"50","MARKSOBT":"38","WeightMarksMax":"25","WMarksObt":"19"}, {"TERMID":"214151","COURSECODE":null,"COURSEName":null,"DESCRIPTION":"Theory End Term","MAXMARKS":"100","MARKSOBT":"77","WeightMarksMax":"50","WMarksObt":"39"}, {"TERMID":"214151","COURSECODE":null,"COURSEName":null,"DESCRIPTION":"Attendance Marks","MAXMARKS":"5","MARKSOBT":"0","WeightMarksMax":"5","WMarksObt":"0"}, {"TERMID":"214151","COURSECODE":"ECE216","COURSEName":"DIGITAL ELECTRONICS LABORATORY","DESCRIPTION":"Continuous Assessment","MAXMARKS":"100","MARKSOBT":"69","WeightMarksMax":"25","WMarksObt":"18"}, {"TERMID":"214151","COURSECODE":null,"COURSEName":null,"DESCRIPTION":"Practical Mid Term","MAXMARKS":"50","MARKSOBT":"32","WeightMarksMax":"20","WMarksObt":"13"}, {"TERMID":"214151","COURSECODE":null,"COURSEName":null,"DESCRIPTION":"Practical End Term","MAXMARKS":"100","MARKSOBT":"87","WeightMarksMax":"50","WMarksObt":"44"}, {"TERMID":"214151","COURSECODE":null,"COURSEName":null,"DESCRIPTION":"Attendance Marks","MAXMARKS":"5","MARKSOBT":"3","WeightMarksMax":"5","WMarksObt":"3"}, {"TERMID":"214151","COURSECODE":"ENG201","COURSEName":"FUNCTIONAL COMMUNICATION SKILLS-III","DESCRIPTION":"Continuous Assessment","MAXMARKS":"100","MARKSOBT":"57","WeightMarksMax":"30","WMarksObt":"18"}, {"TERMID":"214151","COURSECODE":null,"COURSEName":null,"DESCRIPTION":"Theory Mid Term","MAXMARKS":"50","MARKSOBT":"32","WeightMarksMax":"25","WMarksObt":"16"}, {"TERMID":"214151","COURSECODE":null,"COURSEName":null,"DESCRIPTION":"Practical End Term","MAXMARKS":"100","MARKSOBT":"74","WeightMarksMax":"40","WMarksObt":"30"}, {"TERMID":"214151","COURSECODE":null,"COURSEName":null,"DESCRIPTION":"Attendance Marks","MAXMARKS":"5","MARKSOBT":"0","WeightMarksMax":"5","WMarksObt":"0"}, {"TERMID":"214151","COURSECODE":"INT208","COURSEName":"COMPUTING PRACTICUM-I","DESCRIPTION":"Continuous Assessment","MAXMARKS":"100","MARKSOBT":"88","WeightMarksMax":"45","WMarksObt":"40"}, {"TERMID":"214151","COURSECODE":null,"COURSEName":null,"DESCRIPTION":"Practical End Term","MAXMARKS":"100","MARKSOBT":"91","WeightMarksMax":"50","WMarksObt":"46"}, {"TERMID":"214151","COURSECODE":null,"COURSEName":null,"DESCRIPTION":"Attendance Marks","MAXMARKS":"5","MARKSOBT":"3","WeightMarksMax":"5","WMarksObt":"3"}, {"TERMID":"214151","COURSECODE":"MTH401","COURSEName":"DISCRETE MATHEMATICS","DESCRIPTION":"Continuous Assessment","MAXMARKS":"100","MARKSOBT":"67","WeightMarksMax":"20","WMarksObt":"14"}, {"TERMID":"214151","COURSECODE":null,"COURSEName":null,"DESCRIPTION":"Theory Mid Term","MAXMARKS":"50","MARKSOBT":"39","WeightMarksMax":"25","WMarksObt":"20"}, {"TERMID":"214151","COURSECODE":null,"COURSEName":null,"DESCRIPTION":"Theory End Term","MAXMARKS":"100","MARKSOBT":"81","WeightMarksMax":"50","WMarksObt":"41"}, {"TERMID":"214151","COURSECODE":null,"COURSEName":null,"DESCRIPTION":"Attendance Marks","MAXMARKS":"5","MARKSOBT":"3","WeightMarksMax":"5","WMarksObt":"3"}, {"TERMID":"214152","COURSECODE":"CSE306","COURSEName":"COMPUTER NETWORKS","DESCRIPTION":"Continuous Assessment","MAXMARKS":"100","MARKSOBT":"70","WeightMarksMax":"20","WMarksObt":"14"}, {"TERMID":"214152","COURSECODE":null,"COURSEName":null,"DESCRIPTION":"Theory Mid Term","MAXMARKS":"50","MARKSOBT":"22","WeightMarksMax":"25","WMarksObt":"11"}, {"TERMID":"214152","COURSECODE":null,"COURSEName":null,"DESCRIPTION":"Theory End Term","MAXMARKS":"100","MARKSOBT":"56","WeightMarksMax":"50","WMarksObt":"28"}, {"TERMID":"214152","COURSECODE":null,"COURSEName":null,"DESCRIPTION":"Attendance Marks","MAXMARKS":"5","MARKSOBT":"2","WeightMarksMax":"5","WMarksObt":"2"}, {"TERMID":"214152","COURSECODE":"CSE307","COURSEName":"COMPUTER NETWORKS LABORATORY","DESCRIPTION":"Continuous Assessment","MAXMARKS":"100","MARKSOBT":"86","WeightMarksMax":"45","WMarksObt":"39"}, {"TERMID":"214152","COURSECODE":null,"COURSEName":null,"DESCRIPTION":"Practical End Term","MAXMARKS":"100","MARKSOBT":"70","WeightMarksMax":"50","WMarksObt":"35"}, {"TERMID":"214152","COURSECODE":null,"COURSEName":null,"DESCRIPTION":"Attendance Marks","MAXMARKS":"5","MARKSOBT":"2","WeightMarksMax":"5","WMarksObt":"2"}, {"TERMID":"214152","COURSECODE":"CSE310","COURSEName":"PROGRAMMING IN JAVA","DESCRIPTION":"Continuous Assessment","MAXMARKS":"100","MARKSOBT":"85","WeightMarksMax":"20","WMarksObt":"17"}, {"TERMID":"214152","COURSECODE":null,"COURSEName":null,"DESCRIPTION":"Theory Mid Term","MAXMARKS":"50","MARKSOBT":"47","WeightMarksMax":"25","WMarksObt":"24"}, {"TERMID":"214152","COURSECODE":null,"COURSEName":null,"DESCRIPTION":"Theory End Term","MAXMARKS":"100","MARKSOBT":"80","WeightMarksMax":"50","WMarksObt":"40"}, {"TERMID":"214152","COURSECODE":null,"COURSEName":null,"DESCRIPTION":"Attendance Marks","MAXMARKS":"5","MARKSOBT":"2","WeightMarksMax":"5","WMarksObt":"2"}, {"TERMID":"214152","COURSECODE":"CSE317","COURSEName":"PROGRAMMING IN JAVA LABORATORY","DESCRIPTION":"Continuous Assessment","MAXMARKS":"100","MARKSOBT":"94","WeightMarksMax":"45","WMarksObt":"43"}, {"TERMID":"214152","COURSECODE":null,"COURSEName":null,"DESCRIPTION":"Practical End Term","MAXMARKS":"100","MARKSOBT":"98","WeightMarksMax":"50","WMarksObt":"49"}, {"TERMID":"214152","COURSECODE":null,"COURSEName":null,"DESCRIPTION":"Attendance Marks","MAXMARKS":"5","MARKSOBT":"2","WeightMarksMax":"5","WMarksObt":"2"}, {"TERMID":"214152","COURSECODE":"CSE322","COURSEName":"FORMAL LANGUAGES AND AUTOMATION THEORY","DESCRIPTION":"Continuous Assessment","MAXMARKS":"100","MARKSOBT":"24","WeightMarksMax":"20","WMarksObt":"5"}, {"TERMID":"214152","COURSECODE":null,"COURSEName":null,"DESCRIPTION":"Theory Mid Term","MAXMARKS":"50","MARKSOBT":"33","WeightMarksMax":"25","WMarksObt":"17"}, {"TERMID":"214152","COURSECODE":null,"COURSEName":null,"DESCRIPTION":"Theory End Term","MAXMARKS":"100","MARKSOBT":"88","WeightMarksMax":"50","WMarksObt":"44"}, {"TERMID":"214152","COURSECODE":null,"COURSEName":null,"DESCRIPTION":"Attendance Marks","MAXMARKS":"5","MARKSOBT":"2","WeightMarksMax":"5","WMarksObt":"2"}, {"TERMID":"214152","COURSECODE":"CSE408","COURSEName":"DESIGN AND ANALYSIS OF ALGORITHMS","DESCRIPTION":"Continuous Assessment","MAXMARKS":"100","MARKSOBT":"60","WeightMarksMax":"20","WMarksObt":"12"}, {"TERMID":"214152","COURSECODE":null,"COURSEName":null,"DESCRIPTION":"Theory Mid Term","MAXMARKS":"50","MARKSOBT":"28","WeightMarksMax":"25","WMarksObt":"14"}, {"TERMID":"214152","COURSECODE":null,"COURSEName":null,"DESCRIPTION":"Theory End Term","MAXMARKS":"100","MARKSOBT":"64","WeightMarksMax":"50","WMarksObt":"32"}, {"TERMID":"214152","COURSECODE":null,"COURSEName":null,"DESCRIPTION":"Attendance Marks","MAXMARKS":"5","MARKSOBT":"2","WeightMarksMax":"5","WMarksObt":"2"}, {"TERMID":"214152","COURSECODE":"ECE312","COURSEName":"MICROPROCESSOR BASED SYSTEM DESIGN","DESCRIPTION":"Continuous Assessment","MAXMARKS":"100","MARKSOBT":"65","WeightMarksMax":"20","WMarksObt":"13"}, {"TERMID":"214152","COURSECODE":null,"COURSEName":null,"DESCRIPTION":"Theory Mid Term","MAXMARKS":"50","MARKSOBT":"27","WeightMarksMax":"25","WMarksObt":"14"}, {"TERMID":"214152","COURSECODE":null,"COURSEName":null,"DESCRIPTION":"Theory End Term","MAXMARKS":"100","MARKSOBT":"65","WeightMarksMax":"50","WMarksObt":"33"}, {"TERMID":"214152","COURSECODE":null,"COURSEName":null,"DESCRIPTION":"Attendance Marks","MAXMARKS":"5","MARKSOBT":"2","WeightMarksMax":"5","WMarksObt":"2"}, {"TERMID":"214152","COURSECODE":"ECE315","COURSEName":"MICROPROCESSOR BASED SYSTEM DESIGN LABORATORY","DESCRIPTION":"Continuous Assessment","MAXMARKS":"100","MARKSOBT":"85","WeightMarksMax":"25","WMarksObt":"22"}, {"TERMID":"214152","COURSECODE":null,"COURSEName":null,"DESCRIPTION":"Practical Mid Term","MAXMARKS":"50","MARKSOBT":"35","WeightMarksMax":"20","WMarksObt":"14"}, {"TERMID":"214152","COURSECODE":null,"COURSEName":null,"DESCRIPTION":"Practical End Term","MAXMARKS":"100","MARKSOBT":"90","WeightMarksMax":"50","WMarksObt":"45"}, {"TERMID":"214152","COURSECODE":null,"COURSEName":null,"DESCRIPTION":"Attendance Marks","MAXMARKS":"5","MARKSOBT":"2","WeightMarksMax":"5","WMarksObt":"2"}, {"TERMID":"214152","COURSECODE":"ENG202","COURSEName":"TECHNICAL ENGLISH","DESCRIPTION":"Continuous Assessment","MAXMARKS":"100","MARKSOBT":"74","WeightMarksMax":"30","WMarksObt":"23"}, {"TERMID":"214152","COURSECODE":null,"COURSEName":null,"DESCRIPTION":"Theory Mid Term","MAXMARKS":"50","MARKSOBT":"24","WeightMarksMax":"20","WMarksObt":"10"}, {"TERMID":"214152","COURSECODE":null,"COURSEName":null,"DESCRIPTION":"Practical End Term","MAXMARKS":"100","MARKSOBT":"78","WeightMarksMax":"45","WMarksObt":"36"}, {"TERMID":"214152","COURSECODE":null,"COURSEName":null,"DESCRIPTION":"Attendance Marks","MAXMARKS":"5","MARKSOBT":"2","WeightMarksMax":"5","WMarksObt":"2"}, {"TERMID":"214152","COURSECODE":"INT209","COURSEName":"COMPUTING PROJECT-I","DESCRIPTION":"Practical Mid Term","MAXMARKS":"50","MARKSOBT":"28","WeightMarksMax":"40","WMarksObt":"23"}, {"TERMID":"214152","COURSECODE":null,"COURSEName":null,"DESCRIPTION":"Practical End Term","MAXMARKS":"100","MARKSOBT":"72","WeightMarksMax":"55","WMarksObt":"40"}, {"TERMID":"214152","COURSECODE":null,"COURSEName":null,"DESCRIPTION":"Attendance Marks","MAXMARKS":"5","MARKSOBT":"2","WeightMarksMax":"5","WMarksObt":"2"}, {"TERMID":"214152","COURSECODE":"INT306","COURSEName":"DATABASE MANAGEMENT SYSTEMS","DESCRIPTION":"Continuous Assessment","MAXMARKS":"100","MARKSOBT":"59","WeightMarksMax":"20","WMarksObt":"12"}, {"TERMID":"214152","COURSECODE":null,"COURSEName":null,"DESCRIPTION":"Theory Mid Term","MAXMARKS":"50","MARKSOBT":"43","WeightMarksMax":"25","WMarksObt":"22"}, {"TERMID":"214152","COURSECODE":null,"COURSEName":null,"DESCRIPTION":"Theory End Term","MAXMARKS":"100","MARKSOBT":"67","WeightMarksMax":"50","WMarksObt":"34"}, {"TERMID":"214152","COURSECODE":null,"COURSEName":null,"DESCRIPTION":"Attendance Marks","MAXMARKS":"5","MARKSOBT":"2","WeightMarksMax":"5","WMarksObt":"2"}, {"TERMID":"214152","COURSECODE":"INT308","COURSEName":"DBMS LABORATORY","DESCRIPTION":"Continuous Assessment","MAXMARKS":"100","MARKSOBT":"99","WeightMarksMax":"45","WMarksObt":"45"}, {"TERMID":"214152","COURSECODE":null,"COURSEName":null,"DESCRIPTION":"Practical End Term","MAXMARKS":"100","MARKSOBT":"78","WeightMarksMax":"50","WMarksObt":"39"}, {"TERMID":"214152","COURSECODE":null,"COURSEName":null,"DESCRIPTION":"Attendance Marks","MAXMARKS":"5","MARKSOBT":"3","WeightMarksMax":"5","WMarksObt":"3"}, {"TERMID":"214152","COURSECODE":"MTH213","COURSEName":"COMPLEX ALGEBRA","DESCRIPTION":"Continuous Assessment","MAXMARKS":"100","MARKSOBT":"54","WeightMarksMax":"20","WMarksObt":"11"}, {"TERMID":"214152","COURSECODE":null,"COURSEName":null,"DESCRIPTION":"Theory Mid Term","MAXMARKS":"50","MARKSOBT":"30","WeightMarksMax":"25","WMarksObt":"15"}, {"TERMID":"214152","COURSECODE":null,"COURSEName":null,"DESCRIPTION":"Theory End Term","MAXMARKS":"100","MARKSOBT":"26","WeightMarksMax":"50","WMarksObt":"13"}, {"TERMID":"214152","COURSECODE":null,"COURSEName":null,"DESCRIPTION":"Attendance Marks","MAXMARKS":"5","MARKSOBT":"3","WeightMarksMax":"5","WMarksObt":"3"}, {"TERMID":"315161","COURSECODE":"CSE304","COURSEName":"COMPUTER GRAPHICS AND VISUALIZATION","DESCRIPTION":"Continuous Assessment","MAXMARKS":"100","MARKSOBT":"67","WeightMarksMax":"20","WMarksObt":"14"}, {"TERMID":"315161","COURSECODE":null,"COURSEName":null,"DESCRIPTION":"Theory Mid Term","MAXMARKS":"40","MARKSOBT":"37","WeightMarksMax":"25","WMarksObt":"24"}, {"TERMID":"315161","COURSECODE":null,"COURSEName":null,"DESCRIPTION":"Theory End Term","MAXMARKS":"70","MARKSOBT":"31","WeightMarksMax":"50","WMarksObt":"23"}, {"TERMID":"315161","COURSECODE":null,"COURSEName":null,"DESCRIPTION":"Attendance Marks","MAXMARKS":"5","MARKSOBT":"4","WeightMarksMax":"5","WMarksObt":"4"}, {"TERMID":"315161","COURSECODE":"CSE305","COURSEName":"COMPUTING PRACTICUM-II","DESCRIPTION":"Continuous Assessment","MAXMARKS":"100","MARKSOBT":"94","WeightMarksMax":"40","WMarksObt":"38"}, {"TERMID":"315161","COURSECODE":null,"COURSEName":null,"DESCRIPTION":"Practical End Term","MAXMARKS":"100","MARKSOBT":"79","WeightMarksMax":"55","WMarksObt":"44"}, {"TERMID":"315161","COURSECODE":null,"COURSEName":null,"DESCRIPTION":"Attendance Marks","MAXMARKS":"5","MARKSOBT":"5","WeightMarksMax":"5","WMarksObt":"5"}, {"TERMID":"315161","COURSECODE":"CSE309","COURSEName":"COMPUTER GRAPHICS AND VISUALIZATION LABORATORY","DESCRIPTION":"Continuous Assessment","MAXMARKS":"100","MARKSOBT":"94","WeightMarksMax":"40","WMarksObt":"38"}, {"TERMID":"315161","COURSECODE":null,"COURSEName":null,"DESCRIPTION":"Practical End Term","MAXMARKS":"100","MARKSOBT":"86","WeightMarksMax":"55","WMarksObt":"48"}, {"TERMID":"315161","COURSECODE":null,"COURSEName":null,"DESCRIPTION":"Attendance Marks","MAXMARKS":"5","MARKSOBT":"5","WeightMarksMax":"5","WMarksObt":"5"}, {"TERMID":"315161","COURSECODE":"CSE316","COURSEName":"OPERATING SYSTEMS","DESCRIPTION":"Continuous Assessment","MAXMARKS":"100","MARKSOBT":"84","WeightMarksMax":"20","WMarksObt":"17"}, {"TERMID":"315161","COURSECODE":null,"COURSEName":null,"DESCRIPTION":"Theory End Term","MAXMARKS":"50","MARKSOBT":"32","WeightMarksMax":"35","WMarksObt":"23"}, {"TERMID":"315161","COURSECODE":null,"COURSEName":null,"DESCRIPTION":"Attendance Marks","MAXMARKS":"5","MARKSOBT":"5","WeightMarksMax":"5","WMarksObt":"5"}, {"TERMID":"315161","COURSECODE":null,"COURSEName":null,"DESCRIPTION":"Objective Type End Term","MAXMARKS":"20","MARKSOBT":"17","WeightMarksMax":"15","WMarksObt":"13"}, {"TERMID":"315161","COURSECODE":null,"COURSEName":null,"DESCRIPTION":"Objective Type Mid Term","MAXMARKS":"40","MARKSOBT":"30","WeightMarksMax":"25","WMarksObt":"19"}, {"TERMID":"315161","COURSECODE":"CSE320","COURSEName":"SOFTWARE ENGINEERING","DESCRIPTION":"Continuous Assessment","MAXMARKS":"100","MARKSOBT":"40","WeightMarksMax":"20","WMarksObt":"8"}, {"TERMID":"315161","COURSECODE":null,"COURSEName":null,"DESCRIPTION":"Theory Mid Term","MAXMARKS":"40","MARKSOBT":"24","WeightMarksMax":"25","WMarksObt":"15"}, {"TERMID":"315161","COURSECODE":null,"COURSEName":null,"DESCRIPTION":"Theory End Term","MAXMARKS":"70","MARKSOBT":"30","WeightMarksMax":"50","WMarksObt":"22"}, {"TERMID":"315161","COURSECODE":null,"COURSEName":null,"DESCRIPTION":"Attendance Marks","MAXMARKS":"5","MARKSOBT":"4","WeightMarksMax":"5","WMarksObt":"4"}, {"TERMID":"315161","COURSECODE":"CSE325","COURSEName":"OPERATING SYSTEMS LABORATORY","DESCRIPTION":"Continuous Assessment","MAXMARKS":"100","MARKSOBT":"99","WeightMarksMax":"40","WMarksObt":"40"}, {"TERMID":"315161","COURSECODE":null,"COURSEName":null,"DESCRIPTION":"Practical End Term","MAXMARKS":"100","MARKSOBT":"86","WeightMarksMax":"55","WMarksObt":"48"}, {"TERMID":"315161","COURSECODE":null,"COURSEName":null,"DESCRIPTION":"Attendance Marks","MAXMARKS":"5","MARKSOBT":"5","WeightMarksMax":"5","WMarksObt":"5"}, {"TERMID":"315161","COURSECODE":"MEC883","COURSEName":"AUTOMOBILE ENGINEERING","DESCRIPTION":"Continuous Assessment","MAXMARKS":"100","MARKSOBT":"60","WeightMarksMax":"20","WMarksObt":"12"}, {"TERMID":"315161","COURSECODE":null,"COURSEName":null,"DESCRIPTION":"Theory Mid Term","MAXMARKS":"40","MARKSOBT":"13","WeightMarksMax":"25","WMarksObt":"9"}, {"TERMID":"315161","COURSECODE":null,"COURSEName":null,"DESCRIPTION":"Theory End Term","MAXMARKS":"70","MARKSOBT":"41","WeightMarksMax":"50","WMarksObt":"30"}, {"TERMID":"315161","COURSECODE":null,"COURSEName":null,"DESCRIPTION":"Attendance Marks","MAXMARKS":"5","MARKSOBT":"5","WeightMarksMax":"5","WMarksObt":"5"}, {"TERMID":"315161","COURSECODE":"MGN313","COURSEName":"MANAGEMENT PRACTICES AND ORGANIZATIONAL BEHAVIOR","DESCRIPTION":"Continuous Assessment","MAXMARKS":"100","MARKSOBT":"60","WeightMarksMax":"20","WMarksObt":"12"}, {"TERMID":"315161","COURSECODE":null,"COURSEName":null,"DESCRIPTION":"Theory Mid Term","MAXMARKS":"40","MARKSOBT":"15","WeightMarksMax":"25","WMarksObt":"10"}, {"TERMID":"315161","COURSECODE":null,"COURSEName":null,"DESCRIPTION":"Theory End Term","MAXMARKS":"70","MARKSOBT":"42","WeightMarksMax":"50","WMarksObt":"30"}, {"TERMID":"315161","COURSECODE":null,"COURSEName":null,"DESCRIPTION":"Attendance Marks","MAXMARKS":"5","MARKSOBT":"5","WeightMarksMax":"5","WMarksObt":"5"}, {"TERMID":"315161","COURSECODE":"MTH302","COURSEName":"PROBABILITY AND STATISTICS","DESCRIPTION":"Continuous Assessment","MAXMARKS":"100","MARKSOBT":"77","WeightMarksMax":"20","WMarksObt":"16"}, {"TERMID":"315161","COURSECODE":null,"COURSEName":null,"DESCRIPTION":"Theory End Term","MAXMARKS":"50","MARKSOBT":"47","WeightMarksMax":"35","WMarksObt":"33"}, {"TERMID":"315161","COURSECODE":null,"COURSEName":null,"DESCRIPTION":"Attendance Marks","MAXMARKS":"5","MARKSOBT":"5","WeightMarksMax":"5","WMarksObt":"5"}, {"TERMID":"315161","COURSECODE":null,"COURSEName":null,"DESCRIPTION":"Objective Type End Term","MAXMARKS":"20","MARKSOBT":"19","WeightMarksMax":"15","WMarksObt":"15"}, {"TERMID":"315161","COURSECODE":null,"COURSEName":null,"DESCRIPTION":"Objective Type Mid Term","MAXMARKS":"40","MARKSOBT":"24","WeightMarksMax":"25","WMarksObt":"15"}, {"TERMID":"315161","COURSECODE":"PEA303","COURSEName":"QUANTITATIVE APTITUDE","DESCRIPTION":"Continuous Assessment","MAXMARKS":"100","MARKSOBT":"70","WeightMarksMax":"30","WMarksObt":"21"}, {"TERMID":"315161","COURSECODE":null,"COURSEName":null,"DESCRIPTION":"Attendance Marks","MAXMARKS":"5","MARKSOBT":"5","WeightMarksMax":"15","WMarksObt":"15"}, {"TERMID":"315161","COURSECODE":null,"COURSEName":null,"DESCRIPTION":"Objective Type End Term","MAXMARKS":"100","MARKSOBT":"41","WeightMarksMax":"40","WMarksObt":"17"}, {"TERMID":"315161","COURSECODE":null,"COURSEName":null,"DESCRIPTION":"Objective Type Mid Term","MAXMARKS":"40","MARKSOBT":"23","WeightMarksMax":"15","WMarksObt":"9"}, {"TERMID":"315161","COURSECODE":"PES312","COURSEName":"SOFT SKILLS-I","DESCRIPTION":"Continuous Assessment","MAXMARKS":"100","MARKSOBT":"70","WeightMarksMax":"30","WMarksObt":"21"}, {"TERMID":"315161","COURSECODE":null,"COURSEName":null,"DESCRIPTION":"Practical End Term","MAXMARKS":"100","MARKSOBT":"36","WeightMarksMax":"55","WMarksObt":"20"}, {"TERMID":"315161","COURSECODE":null,"COURSEName":null,"DESCRIPTION":"Attendance Marks","MAXMARKS":"5","MARKSOBT":"5","WeightMarksMax":"15","WMarksObt":"15"}, {"TERMID":"315162","COURSECODE":"CSE308","COURSEName":"COMPUTING PROJECT-II","DESCRIPTION":"Continuous Assessment","MAXMARKS":"100","MARKSOBT":"70","WeightMarksMax":"40","WMarksObt":"28"}, {"TERMID":"315162","COURSECODE":null,"COURSEName":null,"DESCRIPTION":"Practical End Term","MAXMARKS":"100","MARKSOBT":"63","WeightMarksMax":"55","WMarksObt":"35"}, {"TERMID":"315162","COURSECODE":null,"COURSEName":null,"DESCRIPTION":"Attendance Marks","MAXMARKS":"5","MARKSOBT":"5","WeightMarksMax":"5","WMarksObt":"5"}, {"TERMID":"315162","COURSECODE":"CSE315","COURSEName":"OBJECT ORIENTED ANALYSIS AND DESIGN","DESCRIPTION":"Continuous Assessment","MAXMARKS":"100","MARKSOBT":"25","WeightMarksMax":"20","WMarksObt":"5"}, {"TERMID":"315162","COURSECODE":null,"COURSEName":null,"DESCRIPTION":"Theory Mid Term","MAXMARKS":"40","MARKSOBT":"9","WeightMarksMax":"25","WMarksObt":"6"}, {"TERMID":"315162","COURSECODE":null,"COURSEName":null,"DESCRIPTION":"Theory End Term","MAXMARKS":"70","MARKSOBT":"40","WeightMarksMax":"50","WMarksObt":"29"}, {"TERMID":"315162","COURSECODE":null,"COURSEName":null,"DESCRIPTION":"Attendance Marks","MAXMARKS":"5","MARKSOBT":"5","WeightMarksMax":"5","WMarksObt":"5"}, {"TERMID":"315162","COURSECODE":"CSE319","COURSEName":"OBJECT ORIENTED ANALYSIS AND DESIGN LABORATORY","DESCRIPTION":"Continuous Assessment","MAXMARKS":"100","MARKSOBT":"72","WeightMarksMax":"40","WMarksObt":"29"}, {"TERMID":"315162","COURSECODE":null,"COURSEName":null,"DESCRIPTION":"Practical End Term","MAXMARKS":"100","MARKSOBT":"65","WeightMarksMax":"55","WMarksObt":"36"}, {"TERMID":"315162","COURSECODE":null,"COURSEName":null,"DESCRIPTION":"Attendance Marks","MAXMARKS":"5","MARKSOBT":"5","WeightMarksMax":"5","WMarksObt":"5"}, {"TERMID":"315162","COURSECODE":"CSE415","COURSEName":"COMPILER DESIGN","DESCRIPTION":"Continuous Assessment","MAXMARKS":"100","MARKSOBT":"22","WeightMarksMax":"20","WMarksObt":"5"}, {"TERMID":"315162","COURSECODE":null,"COURSEName":null,"DESCRIPTION":"Theory Mid Term","MAXMARKS":"40","MARKSOBT":"23","WeightMarksMax":"25","WMarksObt":"15"}, {"TERMID":"315162","COURSECODE":null,"COURSEName":null,"DESCRIPTION":"Theory End Term","MAXMARKS":"70","MARKSOBT":"42","WeightMarksMax":"50","WMarksObt":"30"}, {"TERMID":"315162","COURSECODE":null,"COURSEName":null,"DESCRIPTION":"Attendance Marks","MAXMARKS":"5","MARKSOBT":"2","WeightMarksMax":"5","WMarksObt":"2"}, {"TERMID":"315162","COURSECODE":"CSE419","COURSEName":"COMPILER DESIGN LABORATORY","DESCRIPTION":"Continuous Assessment","MAXMARKS":"100","MARKSOBT":"99","WeightMarksMax":"40","WMarksObt":"40"}, {"TERMID":"315162","COURSECODE":null,"COURSEName":null,"DESCRIPTION":"Practical End Term","MAXMARKS":"100","MARKSOBT":"68","WeightMarksMax":"55","WMarksObt":"38"}, {"TERMID":"315162","COURSECODE":null,"COURSEName":null,"DESCRIPTION":"Attendance Marks","MAXMARKS":"5","MARKSOBT":"0","WeightMarksMax":"5","WMarksObt":"0"}, {"TERMID":"315162","COURSECODE":"CSE423","COURSEName":"VIRTUALIZATION AND CLOUD COMPUTING","DESCRIPTION":"Continuous Assessment","MAXMARKS":"100","MARKSOBT":"62","WeightMarksMax":"20","WMarksObt":"13"}, {"TERMID":"315162","COURSECODE":null,"COURSEName":null,"DESCRIPTION":"Theory Mid Term","MAXMARKS":"40","MARKSOBT":"22","WeightMarksMax":"25","WMarksObt":"14"}, {"TERMID":"315162","COURSECODE":null,"COURSEName":null,"DESCRIPTION":"Theory End Term","MAXMARKS":"70","MARKSOBT":"40","WeightMarksMax":"50","WMarksObt":"29"}, {"TERMID":"315162","COURSECODE":null,"COURSEName":null,"DESCRIPTION":"Attendance Marks","MAXMARKS":"5","MARKSOBT":"3","WeightMarksMax":"5","WMarksObt":"3"}, {"TERMID":"315162","COURSECODE":"CSE427","COURSEName":"VIRTUALIZATION AND CLOUD COMPUTING LABORATORY","DESCRIPTION":"Continuous Assessment","MAXMARKS":"100","MARKSOBT":"89","WeightMarksMax":"40","WMarksObt":"36"}, {"TERMID":"315162","COURSECODE":null,"COURSEName":null,"DESCRIPTION":"Practical End Term","MAXMARKS":"100","MARKSOBT":"81","WeightMarksMax":"55","WMarksObt":"45"}, {"TERMID":"315162","COURSECODE":null,"COURSEName":null,"DESCRIPTION":"Attendance Marks","MAXMARKS":"5","MARKSOBT":"5","WeightMarksMax":"5","WMarksObt":"5"}, {"TERMID":"315162","COURSECODE":"ECO310","COURSEName":"ECONOMICS FOR ENGINEERS","DESCRIPTION":"Continuous Assessment","MAXMARKS":"100","MARKSOBT":"55","WeightMarksMax":"20","WMarksObt":"11"}, {"TERMID":"315162","COURSECODE":null,"COURSEName":null,"DESCRIPTION":"Theory Mid Term","MAXMARKS":"40","MARKSOBT":"21","WeightMarksMax":"25","WMarksObt":"14"}, {"TERMID":"315162","COURSECODE":null,"COURSEName":null,"DESCRIPTION":"Theory End Term","MAXMARKS":"70","MARKSOBT":"37","WeightMarksMax":"50","WMarksObt":"27"}, {"TERMID":"315162","COURSECODE":null,"COURSEName":null,"DESCRIPTION":"Attendance Marks","MAXMARKS":"5","MARKSOBT":"0","WeightMarksMax":"5","WMarksObt":"0"}, {"TERMID":"315162","COURSECODE":"INT404","COURSEName":"ARTIFICIAL INTELLIGENCE","DESCRIPTION":"Continuous Assessment","MAXMARKS":"100","MARKSOBT":"75","WeightMarksMax":"20","WMarksObt":"15"}, {"TERMID":"315162","COURSECODE":null,"COURSEName":null,"DESCRIPTION":"Theory Mid Term","MAXMARKS":"40","MARKSOBT":"29","WeightMarksMax":"25","WMarksObt":"19"}, {"TERMID":"315162","COURSECODE":null,"COURSEName":null,"DESCRIPTION":"Theory End Term","MAXMARKS":"70","MARKSOBT":"51","WeightMarksMax":"50","WMarksObt":"37"}, {"TERMID":"315162","COURSECODE":null,"COURSEName":null,"DESCRIPTION":"Attendance Marks","MAXMARKS":"5","MARKSOBT":"5","WeightMarksMax":"5","WMarksObt":"5"}, {"TERMID":"315162","COURSECODE":"MTH402","COURSEName":"FUZZY MATHEMATICS","DESCRIPTION":"Continuous Assessment","MAXMARKS":"100","MARKSOBT":"50","WeightMarksMax":"20","WMarksObt":"10"}, {"TERMID":"315162","COURSECODE":null,"COURSEName":null,"DESCRIPTION":"Theory End Term","MAXMARKS":"50","MARKSOBT":"34","WeightMarksMax":"35","WMarksObt":"24"}, {"TERMID":"315162","COURSECODE":null,"COURSEName":null,"DESCRIPTION":"Attendance Marks","MAXMARKS":"5","MARKSOBT":"2","WeightMarksMax":"5","WMarksObt":"2"}, {"TERMID":"315162","COURSECODE":null,"COURSEName":null,"DESCRIPTION":"Objective Type End Term","MAXMARKS":"20","MARKSOBT":"12","WeightMarksMax":"15","WMarksObt":"9"}, {"TERMID":"315162","COURSECODE":null,"COURSEName":null,"DESCRIPTION":"Objective Type Mid Term","MAXMARKS":"40","MARKSOBT":"28","WeightMarksMax":"25","WMarksObt":"18"}, {"TERMID":"315162","COURSECODE":"PEA304","COURSEName":"REASONING APTITUDE","DESCRIPTION":"Continuous Assessment","MAXMARKS":"100","MARKSOBT":"58","WeightMarksMax":"30","WMarksObt":"18"}, {"TERMID":"315162","COURSECODE":null,"COURSEName":null,"DESCRIPTION":"Attendance Marks","MAXMARKS":"5","MARKSOBT":"5","WeightMarksMax":"15","WMarksObt":"15"}, {"TERMID":"315162","COURSECODE":null,"COURSEName":null,"DESCRIPTION":"Objective Type End Term","MAXMARKS":"100","MARKSOBT":"55","WeightMarksMax":"40","WMarksObt":"22"}, {"TERMID":"315162","COURSECODE":null,"COURSEName":null,"DESCRIPTION":"Objective Type Mid Term","MAXMARKS":"50","MARKSOBT":"22","WeightMarksMax":"15","WMarksObt":"7"}, {"TERMID":"416171","COURSECODE":"CSE406","COURSEName":"ADVANCED JAVA PROGRAMMING","DESCRIPTION":"Continuous Assessment","MAXMARKS":"100","MARKSOBT":"75","WeightMarksMax":"30","WMarksObt":"23"}, {"TERMID":"416171","COURSECODE":null,"COURSEName":null,"DESCRIPTION":"Theory End Term","MAXMARKS":"50","MARKSOBT":"40","WeightMarksMax":"32","WMarksObt":"26"}, {"TERMID":"416171","COURSECODE":null,"COURSEName":null,"DESCRIPTION":"Attendance Marks","MAXMARKS":"5","MARKSOBT":"2","WeightMarksMax":"5","WMarksObt":"2"}, {"TERMID":"416171","COURSECODE":null,"COURSEName":null,"DESCRIPTION":"Objective Type End Term","MAXMARKS":"20","MARKSOBT":"9","WeightMarksMax":"13","WMarksObt":"6"}, {"TERMID":"416171","COURSECODE":null,"COURSEName":null,"DESCRIPTION":"Objective Type Mid Term","MAXMARKS":"40","MARKSOBT":"23","WeightMarksMax":"20","WMarksObt":"12"}, {"TERMID":"416171","COURSECODE":"CSE443","COURSEName":"SEMINAR ON SUMMER TRAINING","DESCRIPTION":"Practical End Term","MAXMARKS":"100","MARKSOBT":"86","WeightMarksMax":"100","WMarksObt":"86"}, {"TERMID":"416171","COURSECODE":"CSE445","COURSEName":"CAPSTONE PROJECT","DESCRIPTION":"Continuous Assessment","MAXMARKS":"100","MARKSOBT":"86","WeightMarksMax":"45","WMarksObt":"39"}, {"TERMID":"416171","COURSECODE":null,"COURSEName":null,"DESCRIPTION":"Practical End Term","MAXMARKS":"100","MARKSOBT":"72","WeightMarksMax":"55","WMarksObt":"40"}, {"TERMID":"416171","COURSECODE":"CSE501","COURSEName":"DATA WAREHOUSING AND DATA MINING","DESCRIPTION":"Continuous Assessment","MAXMARKS":"100","MARKSOBT":"50","WeightMarksMax":"20","WMarksObt":"10"}, {"TERMID":"416171","COURSECODE":null,"COURSEName":null,"DESCRIPTION":"Theory Mid Term","MAXMARKS":"40","MARKSOBT":"22","WeightMarksMax":"25","WMarksObt":"14"}, {"TERMID":"416171","COURSECODE":null,"COURSEName":null,"DESCRIPTION":"Theory End Term","MAXMARKS":"70","MARKSOBT":"52","WeightMarksMax":"50","WMarksObt":"38"}, {"TERMID":"416171","COURSECODE":null,"COURSEName":null,"DESCRIPTION":"Attendance Marks","MAXMARKS":"5","MARKSOBT":"5","WeightMarksMax":"5","WMarksObt":"5"}, {"TERMID":"416171","COURSECODE":"CSE506","COURSEName":"NETWORK SECURITY AND CRYPTOGRAPHY","DESCRIPTION":"Continuous Assessment","MAXMARKS":"100","MARKSOBT":"70","WeightMarksMax":"20","WMarksObt":"14"}, {"TERMID":"416171","COURSECODE":null,"COURSEName":null,"DESCRIPTION":"Theory Mid Term","MAXMARKS":"40","MARKSOBT":"24","WeightMarksMax":"25","WMarksObt":"15"}, {"TERMID":"416171","COURSECODE":null,"COURSEName":null,"DESCRIPTION":"Theory End Term","MAXMARKS":"70","MARKSOBT":"39","WeightMarksMax":"50","WMarksObt":"28"}, {"TERMID":"416171","COURSECODE":null,"COURSEName":null,"DESCRIPTION":"Attendance Marks","MAXMARKS":"5","MARKSOBT":"5","WeightMarksMax":"5","WMarksObt":"5"}, {"TERMID":"416171","COURSECODE":"CSE515","COURSEName":"NETWORK SECURITY AND CRYPTOGRAPHY LABORATORY","DESCRIPTION":"Continuous Assessment","MAXMARKS":"100","MARKSOBT":"100","WeightMarksMax":"40","WMarksObt":"40"}, {"TERMID":"416171","COURSECODE":null,"COURSEName":null,"DESCRIPTION":"Practical End Term","MAXMARKS":"100","MARKSOBT":"90","WeightMarksMax":"55","WMarksObt":"50"}, {"TERMID":"416171","COURSECODE":null,"COURSEName":null,"DESCRIPTION":"Attendance Marks","MAXMARKS":"5","MARKSOBT":"5","WeightMarksMax":"5","WMarksObt":"5"}, {"TERMID":"416171","COURSECODE":"CSE539","COURSEName":"ADVANCED COMPUTER ARCHITECTURE","DESCRIPTION":"Continuous Assessment","MAXMARKS":"100","MARKSOBT":"54","WeightMarksMax":"20","WMarksObt":"11"}, {"TERMID":"416171","COURSECODE":null,"COURSEName":null,"DESCRIPTION":"Theory Mid Term","MAXMARKS":"40","MARKSOBT":"26","WeightMarksMax":"25","WMarksObt":"17"}, {"TERMID":"416171","COURSECODE":null,"COURSEName":null,"DESCRIPTION":"Theory End Term","MAXMARKS":"70","MARKSOBT":"45","WeightMarksMax":"50","WMarksObt":"33"}, {"TERMID":"416171","COURSECODE":null,"COURSEName":null,"DESCRIPTION":"Attendance Marks","MAXMARKS":"5","MARKSOBT":"3","WeightMarksMax":"5","WMarksObt":"3"}, {"TERMID":"416171","COURSECODE":"FST700","COURSEName":"FASHION AND DESIGN BASICS","DESCRIPTION":"Continuous Assessment","MAXMARKS":"100","MARKSOBT":"62","WeightMarksMax":"30","WMarksObt":"19"}, {"TERMID":"416171","COURSECODE":null,"COURSEName":null,"DESCRIPTION":"Theory Mid Term","MAXMARKS":"40","MARKSOBT":"32","WeightMarksMax":"25","WMarksObt":"20"}, {"TERMID":"416171","COURSECODE":null,"COURSEName":null,"DESCRIPTION":"Theory End Term","MAXMARKS":"70","MARKSOBT":"54","WeightMarksMax":"40","WMarksObt":"31"}, {"TERMID":"416171","COURSECODE":null,"COURSEName":null,"DESCRIPTION":"Attendance Marks","MAXMARKS":"5","MARKSOBT":"5","WeightMarksMax":"5","WMarksObt":"5"}, {"TERMID":"416171","COURSECODE":"INT405","COURSEName":"COMPUTING PRACTICUM-III","DESCRIPTION":"Continuous Assessment","MAXMARKS":"100","MARKSOBT":"97","WeightMarksMax":"40","WMarksObt":"39"}, {"TERMID":"416171","COURSECODE":null,"COURSEName":null,"DESCRIPTION":"Practical End Term","MAXMARKS":"100","MARKSOBT":"68","WeightMarksMax":"55","WMarksObt":"38"}, {"TERMID":"416171","COURSECODE":null,"COURSEName":null,"DESCRIPTION":"Attendance Marks","MAXMARKS":"5","MARKSOBT":"5","WeightMarksMax":"5","WMarksObt":"5"}, {"TERMID":"416171","COURSECODE":"INT411","COURSEName":"SOFTWARE PROJECT MANAGEMENT","DESCRIPTION":"Continuous Assessment","MAXMARKS":"100","MARKSOBT":"39","WeightMarksMax":"20","WMarksObt":"8"}, {"TERMID":"416171","COURSECODE":null,"COURSEName":null,"DESCRIPTION":"Theory Mid Term","MAXMARKS":"40","MARKSOBT":"26","WeightMarksMax":"25","WMarksObt":"17"}, {"TERMID":"416171","COURSECODE":null,"COURSEName":null,"DESCRIPTION":"Theory End Term","MAXMARKS":"70","MARKSOBT":"32","WeightMarksMax":"50","WMarksObt":"23"}, {"TERMID":"416171","COURSECODE":null,"COURSEName":null,"DESCRIPTION":"Attendance Marks","MAXMARKS":"5","MARKSOBT":"2","WeightMarksMax":"5","WMarksObt":"2"}, {"TERMID":"416171","COURSECODE":"INT416","COURSEName":"SOFTWARE PROJECT MANAGEMENT LABORATORY","DESCRIPTION":"Continuous Assessment","MAXMARKS":"100","MARKSOBT":"94","WeightMarksMax":"40","WMarksObt":"38"}, {"TERMID":"416171","COURSECODE":null,"COURSEName":null,"DESCRIPTION":"Practical End Term","MAXMARKS":"100","MARKSOBT":"69","WeightMarksMax":"55","WMarksObt":"38"}, {"TERMID":"416171","COURSECODE":null,"COURSEName":null,"DESCRIPTION":"Attendance Marks","MAXMARKS":"5","MARKSOBT":"5","WeightMarksMax":"5","WMarksObt":"5"}, {"TERMID":"416171","COURSECODE":"INT418","COURSEName":"MOBILE COMPUTING","DESCRIPTION":"Continuous Assessment","MAXMARKS":"100","MARKSOBT":"42","WeightMarksMax":"20","WMarksObt":"9"}, {"TERMID":"416171","COURSECODE":null,"COURSEName":null,"DESCRIPTION":"Theory Mid Term","MAXMARKS":"40","MARKSOBT":"17","WeightMarksMax":"25","WMarksObt":"11"}, {"TERMID":"416171","COURSECODE":null,"COURSEName":null,"DESCRIPTION":"Theory End Term","MAXMARKS":"70","MARKSOBT":"49","WeightMarksMax":"50","WMarksObt":"35"}, {"TERMID":"416171","COURSECODE":null,"COURSEName":null,"DESCRIPTION":"Attendance Marks","MAXMARKS":"5","MARKSOBT":"4","WeightMarksMax":"5","WMarksObt":"4"}, {"TERMID":"416172","COURSECODE":"CSE505","COURSEName":"ADVANCED DATA STRUCTURES AND ALGORITHMS LABORATORY","DESCRIPTION":"Continuous Assessment","MAXMARKS":"100","MARKSOBT":"94","WeightMarksMax":"45","WMarksObt":"43"}, {"TERMID":"416172","COURSECODE":null,"COURSEName":null,"DESCRIPTION":"Practical End Term","MAXMARKS":"100","MARKSOBT":"92","WeightMarksMax":"50","WMarksObt":"46"}, {"TERMID":"416172","COURSECODE":null,"COURSEName":null,"DESCRIPTION":"Attendance Marks","MAXMARKS":"5","MARKSOBT":"3","WeightMarksMax":"5","WMarksObt":"3"}, {"TERMID":"416172","COURSECODE":"CSE508","COURSEName":"KNOWLEDGE BASED EXPERT SYSTEMS","DESCRIPTION":"Continuous Assessment","MAXMARKS":"100","MARKSOBT":"79","WeightMarksMax":"25","WMarksObt":"20"}, {"TERMID":"416172","COURSECODE":null,"COURSEName":null,"DESCRIPTION":"Theory Mid Term","MAXMARKS":"40","MARKSOBT":"30","WeightMarksMax":"20","WMarksObt":"15"}, {"TERMID":"416172","COURSECODE":null,"COURSEName":null,"DESCRIPTION":"Theory End Term","MAXMARKS":"70","MARKSOBT":"47","WeightMarksMax":"50","WMarksObt":"34"}, {"TERMID":"416172","COURSECODE":null,"COURSEName":null,"DESCRIPTION":"Attendance Marks","MAXMARKS":"5","MARKSOBT":"2","WeightMarksMax":"5","WMarksObt":"2"}, {"TERMID":"416172","COURSECODE":"CSE513","COURSEName":"MACHINE LEARNING","DESCRIPTION":"Continuous Assessment","MAXMARKS":"100","MARKSOBT":"72","WeightMarksMax":"25","WMarksObt":"18"}, {"TERMID":"416172","COURSECODE":null,"COURSEName":null,"DESCRIPTION":"Theory Mid Term","MAXMARKS":"40","MARKSOBT":"28","WeightMarksMax":"20","WMarksObt":"14"}, {"TERMID":"416172","COURSECODE":null,"COURSEName":null,"DESCRIPTION":"Theory End Term","MAXMARKS":"70","MARKSOBT":"49","WeightMarksMax":"50","WMarksObt":"35"}, {"TERMID":"416172","COURSECODE":null,"COURSEName":null,"DESCRIPTION":"Attendance Marks","MAXMARKS":"5","MARKSOBT":"5","WeightMarksMax":"5","WMarksObt":"5"}, {"TERMID":"416172","COURSECODE":"CSE514","COURSEName":"IMAGE PROCESSING AND PATTERN RECOGNITION","DESCRIPTION":"Continuous Assessment","MAXMARKS":"100","MARKSOBT":"59","WeightMarksMax":"25","WMarksObt":"15"}, {"TERMID":"416172","COURSECODE":null,"COURSEName":null,"DESCRIPTION":"Theory Mid Term","MAXMARKS":"40","MARKSOBT":"26","WeightMarksMax":"20","WMarksObt":"13"}, {"TERMID":"416172","COURSECODE":null,"COURSEName":null,"DESCRIPTION":"Theory End Term","MAXMARKS":"70","MARKSOBT":"54","WeightMarksMax":"50","WMarksObt":"39"}, {"TERMID":"416172","COURSECODE":null,"COURSEName":null,"DESCRIPTION":"Attendance Marks","MAXMARKS":"5","MARKSOBT":"5","WeightMarksMax":"5","WMarksObt":"5"}, {"TERMID":"416172","COURSECODE":"CSE516","COURSEName":"RESEARCH METHODOLOGY","DESCRIPTION":"Continuous Assessment","MAXMARKS":"100","MARKSOBT":"52","WeightMarksMax":"25","WMarksObt":"13"}, {"TERMID":"416172","COURSECODE":null,"COURSEName":null,"DESCRIPTION":"Theory Mid Term","MAXMARKS":"40","MARKSOBT":"24","WeightMarksMax":"20","WMarksObt":"12"}, {"TERMID":"416172","COURSECODE":null,"COURSEName":null,"DESCRIPTION":"Theory End Term","MAXMARKS":"70","MARKSOBT":"45","WeightMarksMax":"50","WMarksObt":"33"}, {"TERMID":"416172","COURSECODE":null,"COURSEName":null,"DESCRIPTION":"Attendance Marks","MAXMARKS":"5","MARKSOBT":"4","WeightMarksMax":"5","WMarksObt":"4"}, {"TERMID":"416172","COURSECODE":"CSE519","COURSEName":"IMAGE PROCESSING LABORATORY","DESCRIPTION":"Continuous Assessment","MAXMARKS":"100","MARKSOBT":"70","WeightMarksMax":"45","WMarksObt":"32"}, {"TERMID":"416172","COURSECODE":null,"COURSEName":null,"DESCRIPTION":"Practical End Term","MAXMARKS":"100","MARKSOBT":"83","WeightMarksMax":"50","WMarksObt":"42"}, {"TERMID":"416172","COURSECODE":null,"COURSEName":null,"DESCRIPTION":"Attendance Marks","MAXMARKS":"5","MARKSOBT":"4","WeightMarksMax":"5","WMarksObt":"4"}, {"TERMID":"416172","COURSECODE":"CSE523","COURSEName":"ADVANCED DATA STRUCTURE AND ALGORITHMS","DESCRIPTION":"Continuous Assessment","MAXMARKS":"100","MARKSOBT":"65","WeightMarksMax":"25","WMarksObt":"17"}, {"TERMID":"416172","COURSECODE":null,"COURSEName":null,"DESCRIPTION":"Theory Mid Term","MAXMARKS":"40","MARKSOBT":"35","WeightMarksMax":"20","WMarksObt":"18"}, {"TERMID":"416172","COURSECODE":null,"COURSEName":null,"DESCRIPTION":"Theory End Term","MAXMARKS":"70","MARKSOBT":"55","WeightMarksMax":"50","WMarksObt":"40"}, {"TERMID":"416172","COURSECODE":null,"COURSEName":null,"DESCRIPTION":"Attendance Marks","MAXMARKS":"5","MARKSOBT":"0","WeightMarksMax":"5","WMarksObt":"0"}, {"TERMID":"416172","COURSECODE":"CSE535","COURSEName":"DISTRIBUTED OPERATING SYSTEMS","DESCRIPTION":"Continuous Assessment","MAXMARKS":"100","MARKSOBT":"55","WeightMarksMax":"25","WMarksObt":"14"}, {"TERMID":"416172","COURSECODE":null,"COURSEName":null,"DESCRIPTION":"Theory Mid Term","MAXMARKS":"40","MARKSOBT":"27","WeightMarksMax":"20","WMarksObt":"14"}, {"TERMID":"416172","COURSECODE":null,"COURSEName":null,"DESCRIPTION":"Theory End Term","MAXMARKS":"70","MARKSOBT":"42","WeightMarksMax":"50","WMarksObt":"30"}, {"TERMID":"416172","COURSECODE":null,"COURSEName":null,"DESCRIPTION":"Attendance Marks","MAXMARKS":"5","MARKSOBT":"3","WeightMarksMax":"5","WMarksObt":"3"}, {"TERMID":"416172","COURSECODE":"CSE547","COURSEName":"DISSERTATION-I","DESCRIPTION":"Continuous Assessment","MAXMARKS":"100","MARKSOBT":"79","WeightMarksMax":"50","WMarksObt":"40"}, {"TERMID":"416172","COURSECODE":null,"COURSEName":null,"DESCRIPTION":"Practical End Term","MAXMARKS":"100","MARKSOBT":"85","WeightMarksMax":"50","WMarksObt":"43"}, {"TERMID":"416172","COURSECODE":"INT511","COURSEName":"NEURAL NETWORKS","DESCRIPTION":"Continuous Assessment","MAXMARKS":"100","MARKSOBT":"44","WeightMarksMax":"25","WMarksObt":"11"}, {"TERMID":"416172","COURSECODE":null,"COURSEName":null,"DESCRIPTION":"Theory Mid Term","MAXMARKS":"40","MARKSOBT":"20","WeightMarksMax":"20","WMarksObt":"10"}, {"TERMID":"416172","COURSECODE":null,"COURSEName":null,"DESCRIPTION":"Theory End Term","MAXMARKS":"70","MARKSOBT":"43","WeightMarksMax":"50","WMarksObt":"31"}, {"TERMID":"416172","COURSECODE":null,"COURSEName":null,"DESCRIPTION":"Attendance Marks","MAXMARKS":"5","MARKSOBT":"5","WeightMarksMax":"5","WMarksObt":"5"}, {"TERMID":"517181","COURSECODE":"CSE510","COURSEName":"ROBOTICS","DESCRIPTION":"Continuous Assessment","MAXMARKS":"100","MARKSOBT":"-1","WeightMarksMax":"25","WMarksObt":"-1"}, {"TERMID":"517181","COURSECODE":null,"COURSEName":null,"DESCRIPTION":"Theory Mid Term","MAXMARKS":"40","MARKSOBT":"-1","WeightMarksMax":"20","WMarksObt":"-1"}, {"TERMID":"517181","COURSECODE":null,"COURSEName":null,"DESCRIPTION":"Theory End Term","MAXMARKS":"70","MARKSOBT":"-1","WeightMarksMax":"50","WMarksObt":"-1"}, {"TERMID":"517181","COURSECODE":null,"COURSEName":null,"DESCRIPTION":"Attendance Marks","MAXMARKS":"5","MARKSOBT":"-1","WeightMarksMax":"5","WMarksObt":"-1"}, {"TERMID":"517181","COURSECODE":"CSE548","COURSEName":"DISSERTATION-II","DESCRIPTION":"Continuous Assessment","MAXMARKS":"100","MARKSOBT":"-1","WeightMarksMax":"50","WMarksObt":"-1"}, {"TERMID":"517181","COURSECODE":null,"COURSEName":null,"DESCRIPTION":"Practical End Term","MAXMARKS":"100","MARKSOBT":"-1","WeightMarksMax":"50","WMarksObt":"-1"}, {"TERMID":"517181","COURSECODE":"INT508","COURSEName":"SOFT COMPUTING","DESCRIPTION":"Continuous Assessment","MAXMARKS":"100","MARKSOBT":"-1","WeightMarksMax":"25","WMarksObt":"-1"}, {"TERMID":"517181","COURSECODE":null,"COURSEName":null,"DESCRIPTION":"Theory Mid Term","MAXMARKS":"40","MARKSOBT":"-1","WeightMarksMax":"20","WMarksObt":"-1"}, {"TERMID":"517181","COURSECODE":null,"COURSEName":null,"DESCRIPTION":"Theory End Term","MAXMARKS":"70","MARKSOBT":"-1","WeightMarksMax":"50","WMarksObt":"-1"}, {"TERMID":"517181","COURSECODE":null,"COURSEName":null,"DESCRIPTION":"Attendance Marks","MAXMARKS":"5","MARKSOBT":"-1","WeightMarksMax":"5","WMarksObt":"-1"}, {"TERMID":"517181","COURSECODE":"INT518","COURSEName":"SOFT COMPUTING LABORATORY","DESCRIPTION":"Continuous Assessment","MAXMARKS":"100","MARKSOBT":"-1","WeightMarksMax":"45","WMarksObt":"-1"}, {"TERMID":"517181","COURSECODE":null,"COURSEName":null,"DESCRIPTION":"Practical End Term","MAXMARKS":"100","MARKSOBT":"-1","WeightMarksMax":"50","WMarksObt":"-1"}, {"TERMID":"517181","COURSECODE":null,"COURSEName":null,"DESCRIPTION":"Attendance Marks","MAXMARKS":"5","MARKSOBT":"-1","WeightMarksMax":"5","WMarksObt":"-1"}]
