[{"ANCDATE":"Nov 18, 2017","TITLE":"Monika Kalani","SUBJECT":"Feedback on curriculum, Mentor\/AO\/Heads by Students","MESSAGE":"\u2022 Dear student, feedback on curriculum heads, AO\u2019s etc. is open in your account. Please record your feedback and be a part of curriculum development team. Your suggestions are important for us. All the CR\u2019s are requested to ensure that feedback by their classmates has been recorded in the system. \u2022 Pathway to give feedback on curriculum is: UMS Navigation------ Feedback and Surveys-------Feedback for Program Scheme and Courses \u2022 Pathway to give feedback on curriculum section mentors, HOD, HOS and AO is: UMS Navigation------ Feedback and Surveys-------Feedback for Teacher\/Mentor\/AO\/Heads"}, {"ANCDATE":"Nov 14, 2017","TITLE":"Ankur Sodhi","SUBJECT":"Duty Leave - Interaction Session of COCUBES","MESSAGE":"Your Duty Leave for event Interaction Session of COCUBES on 11\/08\/2017 has been approved, and the same has been updated on your UMS."}]
