[{"TERMID":"517181","courseCode":"INT518","FacultyName":"Deepika","Title":"Kohonen Self Organizing Maps for Weight updation Regression graph after training.","Comp1Name":"J\/E","Comp1Marks":"50","Comp1TotalMarks":"50","Comp2Name":"VIVA","Comp2Marks":"48","Comp2TotalMarks":"-1","Comp3Name":"","Comp3Marks":"-1","Comp3TotalMarks":"0","Comp4Name":"","Comp4Marks":"-1","Comp4TotalMarks":"0","TotalMarksObt":"98","TotalMaxMarks":"100","isFileUploadByStudent":"0","FileUploadByStudent":null}, {"TERMID":"517181","courseCode":"INT518","FacultyName":"Deepika","Title":"NEURAL NETOWRK AND FUZZY INFERENCE SYSTEM","Comp1Name":"J\/E","Comp1Marks":"50","Comp1TotalMarks":"50","Comp2Name":"VIVA","Comp2Marks":"45","Comp2TotalMarks":"-1","Comp3Name":"","Comp3Marks":"-1","Comp3TotalMarks":"0","Comp4Name":"","Comp4Marks":"-1","Comp4TotalMarks":"0","TotalMarksObt":"95","TotalMaxMarks":"100","isFileUploadByStudent":"0","FileUploadByStudent":null}]
