[{"ID":"1","classType":"Lecture","COURSEGROUP":"All","CourseCode":"INT508","RoomNo":"37-602","Section":"KE008"}, {"ID":"2","classType":"Lecture","COURSEGROUP":"All","CourseCode":"CSE510","RoomNo":"37-602","Section":"KE007"}, {"ID":"3","classType":"Lecture","COURSEGROUP":"All","CourseCode":"INT508","RoomNo":"37-606","Section":"KE008"}, {"ID":"4","classType":"Lecture","COURSEGROUP":"All","CourseCode":"CSE510","RoomNo":"37-606","Section":"KE007"}, {"ID":"5","classType":"Lecture","COURSEGROUP":"All","CourseCode":"CSE510","RoomNo":"37-607","Section":"KE007"}, {"ID":"6","classType":"Lecture","COURSEGROUP":"All","CourseCode":"INT508","RoomNo":"37-607","Section":"KE008"}, {"ID":"7","classType":", Practical","COURSEGROUP":"1","CourseCode":"INT518","RoomNo":"34-401","Section":"KE00"}, {"ID":"8","classType":"Lecture","COURSEGROUP":"All","CourseCode":"MSBEV18","RoomNo":"33-601","Section":"KCA05"}, {"ID":"9","classType":"Guidance","COURSEGROUP":"ll","CourseCode":"CSE548","RoomNo":"33-209","Section":"KD031"}, {"ID":"10","classType":"Lecture","COURSEGROUP":"All","CourseCode":"MSBET18","RoomNo":"33-401","Section":"KCA06"}]
