[{"TERMID":"517181","courseCode":"INT518","FacultyName":"Deepika","UploadDate":"2017-08-29","SubmissionTill":"2017-11-08","Type":"Project","Topic":"Project","Comments":"Refer reading material for project description","SubmissionType":"Manual","MarksObtained":"-1","MaxMarks":"100","TeacherEvalComments":"","isFileUploadByTeacher":"0","FileUploadByTeacher":null,"isFileUploadByStudent":"0","FileUploadByStudent":null}, {"TERMID":"517181","courseCode":"INT508","FacultyName":"Deepika","UploadDate":"2017-09-05","SubmissionTill":"2017-09-11","Type":"Test","Topic":"Test 1","Comments":"","SubmissionType":"Manual","MarksObtained":"12","MaxMarks":"30","TeacherEvalComments":"","isFileUploadByTeacher":"0","FileUploadByTeacher":null,"isFileUploadByStudent":"0","FileUploadByStudent":null}, {"TERMID":"517181","courseCode":"INT508","FacultyName":"Deepika","UploadDate":"2017-08-29","SubmissionTill":null,"Type":"Reading Material","Topic":"Project Description","Comments":"","SubmissionType":"","MarksObtained":"-1","MaxMarks":"-1","TeacherEvalComments":"","isFileUploadByTeacher":"0","FileUploadByTeacher":null,"isFileUploadByStudent":"0","FileUploadByStudent":null}, {"TERMID":"517181","courseCode":"INT508","FacultyName":"Deepika","UploadDate":"2017-11-14","SubmissionTill":null,"Type":"Lecture Notes","Topic":"UNIT 6 Swarm Intelligence","Comments":"","SubmissionType":"","MarksObtained":"-1","MaxMarks":"-1","TeacherEvalComments":"","isFileUploadByTeacher":"0","FileUploadByTeacher":null,"isFileUploadByStudent":"0","FileUploadByStudent":null}, {"TERMID":"517181","courseCode":"INT508","FacultyName":"Deepika","UploadDate":"2017-09-26","SubmissionTill":null,"Type":"Lecture Notes","Topic":"Lecture Notes","Comments":"","SubmissionType":"","MarksObtained":"-1","MaxMarks":"-1","TeacherEvalComments":"","isFileUploadByTeacher":"0","FileUploadByTeacher":null,"isFileUploadByStudent":"0","FileUploadByStudent":null}, {"TERMID":"517181","courseCode":"INT508","FacultyName":"Deepika","UploadDate":"2017-09-05","SubmissionTill":null,"Type":"Lecture Notes","Topic":"chap 3","Comments":"","SubmissionType":"","MarksObtained":"-1","MaxMarks":"-1","TeacherEvalComments":"","isFileUploadByTeacher":"0","FileUploadByTeacher":null,"isFileUploadByStudent":"0","FileUploadByStudent":null}, {"TERMID":"517181","courseCode":"INT508","FacultyName":"Deepika","UploadDate":"2017-09-05","SubmissionTill":null,"Type":"Lecture Notes","Topic":"Chap 1","Comments":"","SubmissionType":"","MarksObtained":"-1","MaxMarks":"-1","TeacherEvalComments":"","isFileUploadByTeacher":"0","FileUploadByTeacher":null,"isFileUploadByStudent":"0","FileUploadByStudent":null}, {"TERMID":"517181","courseCode":"CSE510","FacultyName":"Pooja Rana","UploadDate":"2017-08-30","SubmissionTill":"2017-09-06","Type":"Test","Topic":"Test 1","Comments":"","SubmissionType":"Manual","MarksObtained":"17","MaxMarks":"30","TeacherEvalComments":"","isFileUploadByTeacher":"0","FileUploadByTeacher":null,"isFileUploadByStudent":"0","FileUploadByStudent":null}, {"TERMID":"517181","courseCode":"CSE510","FacultyName":"Pooja Rana","UploadDate":"2017-10-23","SubmissionTill":null,"Type":"Lecture Notes","Topic":"ch7 8","Comments":"","SubmissionType":"","MarksObtained":"-1","MaxMarks":"-1","TeacherEvalComments":"","isFileUploadByTeacher":"0","FileUploadByTeacher":null,"isFileUploadByStudent":"0","FileUploadByStudent":null}, {"TERMID":"517181","courseCode":"CSE510","FacultyName":"Pooja Rana","UploadDate":"2017-08-29","SubmissionTill":null,"Type":"Lecture Notes","Topic":"Lecture Notes","Comments":"","SubmissionType":"","MarksObtained":"-1","MaxMarks":"-1","TeacherEvalComments":"","isFileUploadByTeacher":"0","FileUploadByTeacher":null,"isFileUploadByStudent":"0","FileUploadByStudent":null}, {"TERMID":"517181","courseCode":"INT508","FacultyName":"Deepika","UploadDate":"2017-10-23","SubmissionTill":"2017-10-24","Type":"Test","Topic":"Test 2","Comments":"","SubmissionType":"Manual","MarksObtained":"24","MaxMarks":"30","TeacherEvalComments":"Good","isFileUploadByTeacher":"0","FileUploadByTeacher":null,"isFileUploadByStudent":"0","FileUploadByStudent":null}, {"TERMID":"517181","courseCode":"INT508","FacultyName":"Deepika","UploadDate":"2017-08-29","SubmissionTill":"2017-11-08","Type":"Term paper","Topic":"Term paper","Comments":"Refer your reading material for Project Description","SubmissionType":"Manual","MarksObtained":"-1","MaxMarks":"30","TeacherEvalComments":"","isFileUploadByTeacher":"0","FileUploadByTeacher":null,"isFileUploadByStudent":"0","FileUploadByStudent":null}, {"TERMID":"517181","courseCode":"INT508","FacultyName":"Deepika","UploadDate":"2017-11-14","SubmissionTill":null,"Type":"Lecture Notes","Topic":"UNIT5 Hybrid Systems","Comments":"","SubmissionType":"","MarksObtained":"-1","MaxMarks":"-1","TeacherEvalComments":"","isFileUploadByTeacher":"0","FileUploadByTeacher":null,"isFileUploadByStudent":"0","FileUploadByStudent":null}, {"TERMID":"517181","courseCode":"INT508","FacultyName":"Deepika","UploadDate":"2017-09-27","SubmissionTill":null,"Type":"Lecture Notes","Topic":"Fuzzy Logic Controller","Comments":"","SubmissionType":"","MarksObtained":"-1","MaxMarks":"-1","TeacherEvalComments":"","isFileUploadByTeacher":"0","FileUploadByTeacher":null,"isFileUploadByStudent":"0","FileUploadByStudent":null}, {"TERMID":"517181","courseCode":"INT508","FacultyName":"Deepika","UploadDate":"2017-09-05","SubmissionTill":null,"Type":"Lecture Notes","Topic":"chap 4","Comments":"","SubmissionType":"","MarksObtained":"-1","MaxMarks":"-1","TeacherEvalComments":"","isFileUploadByTeacher":"0","FileUploadByTeacher":null,"isFileUploadByStudent":"0","FileUploadByStudent":null}, {"TERMID":"517181","courseCode":"INT508","FacultyName":"Deepika","UploadDate":"2017-09-05","SubmissionTill":null,"Type":"Lecture Notes","Topic":"Chap 2","Comments":"","SubmissionType":"","MarksObtained":"-1","MaxMarks":"-1","TeacherEvalComments":"","isFileUploadByTeacher":"0","FileUploadByTeacher":null,"isFileUploadByStudent":"0","FileUploadByStudent":null}, {"TERMID":"517181","courseCode":"CSE510","FacultyName":"Pooja Rana","UploadDate":"2017-10-23","SubmissionTill":"2017-10-25","Type":"Test","Topic":"Test 2","Comments":"","SubmissionType":"Manual","MarksObtained":"24","MaxMarks":"30","TeacherEvalComments":"","isFileUploadByTeacher":"0","FileUploadByTeacher":null,"isFileUploadByStudent":"0","FileUploadByStudent":null}, {"TERMID":"517181","courseCode":"CSE510","FacultyName":"Pooja Rana","UploadDate":"2017-08-30","SubmissionTill":"2017-11-15","Type":"Term paper","Topic":"Term paper","Comments":"","SubmissionType":"Manual","MarksObtained":"-1","MaxMarks":"30","TeacherEvalComments":"","isFileUploadByTeacher":"0","FileUploadByTeacher":null,"isFileUploadByStudent":"0","FileUploadByStudent":null}, {"TERMID":"517181","courseCode":"CSE510","FacultyName":"Pooja Rana","UploadDate":"2017-09-27","SubmissionTill":null,"Type":"Lecture Notes","Topic":"Lecture Notes","Comments":"","SubmissionType":"","MarksObtained":"-1","MaxMarks":"-1","TeacherEvalComments":"","isFileUploadByTeacher":"0","FileUploadByTeacher":null,"isFileUploadByStudent":"0","FileUploadByStudent":null}, {"TERMID":"517181","courseCode":"CSE510","FacultyName":"Pooja Rana","UploadDate":"2017-08-29","SubmissionTill":null,"Type":"Lecture Notes","Topic":"Lecture Notes","Comments":"","SubmissionType":"","MarksObtained":"-1","MaxMarks":"-1","TeacherEvalComments":"","isFileUploadByTeacher":"0","FileUploadByTeacher":null,"isFileUploadByStudent":"0","FileUploadByStudent":null}]
