[{"TERMID":"517181","Timing":"10-11 AM","MON":"1","TUE":"0","WED":"0","THU":"0","FRI":"0","SAT":"-2","SUN":"0"}, {"TERMID":"517181","Timing":"11-12 AM","MON":"2","TUE":"3","WED":"0","THU":"0","FRI":"0","SAT":"-2","SUN":"0"}, {"TERMID":"517181","Timing":"12-01 PM","MON":"0","TUE":"4","WED":"5","THU":"0","FRI":"0","SAT":"-2","SUN":"0"}, {"TERMID":"517181","Timing":"01-02 PM","MON":"0","TUE":"0","WED":"6","THU":"0","FRI":"0","SAT":"-2","SUN":"0"}, {"TERMID":"517181","Timing":"02-03 PM","MON":"0","TUE":"7","WED":"8","THU":"8","FRI":"8","SAT":"8","SUN":"8"}, {"TERMID":"517181","Timing":"03-04 PM","MON":"0","TUE":"7","WED":"8","THU":"8","FRI":"9","SAT":"8","SUN":"8"}, {"TERMID":"517181","Timing":"04-05 PM","MON":"0","TUE":"10","WED":"10","THU":"10","FRI":"10","SAT":"10","SUN":"10"}, {"TERMID":"517181","Timing":"05-06 PM","MON":"0","TUE":"10","WED":"10","THU":"10","FRI":"10","SAT":"10","SUN":"10"}]
