[{"EVENTDATE":"2017-11-21","EVENTTIME":"(09:00 AM onwards)","EVENTTITLE":"ONE WORLD AND EXPLORICA","EVENTVENUE":"Shri Baldev Raj Mittal Unipolies","DESCRIPTION":"One World and Explorica (21st Nov 2017- 22nd Nov 2017)"}, {"EVENTDATE":"2017-11-21","EVENTTIME":"09:00 AM(Onwards)","EVENTTITLE":"Conduct of One World","EVENTVENUE":"Shri Baldev Raj Mittal Unipolies","DESCRIPTION":"To Show case the talent and culture of all Countries of the world"}, {"EVENTDATE":"2017-11-25","EVENTTIME":"09:00 AM-05:00 PM","EVENTTITLE":"National Entrepreneurship Conclave-2017","EVENTVENUE":"Shanti Devi Mittal Auditorium","DESCRIPTION":"(25th Nov 2017-26th Nov 2017)"}, {"EVENTDATE":"2017-11-25","EVENTTIME":"09:00 AM-05:00 PM","EVENTTITLE":"National Workshop on Scientoonics","EVENTVENUE":"Block 32-413","DESCRIPTION":""}]
