[{"Name":"Pothina Yogi Sai Prasanna",
"LastSemAttendance":"84",
"CGPA":"8.26",
"HOSTLER":"0",
"isMALE":"1",
"DOB":"1994-12-31",
"PROGRAMCODE":"1252D",
"PROGRAMNAME":"B. Tech (Hons.)-M-Tech(Dual Degree) - CSE",
"TERMID":"517181",
"PARENTSECTION":"K1309",
"ROLLNO":"RK1309A01",
"SGROUP":"1",
"PSWEXPIRY":"2017-11-28",
"PGHNO":"10",
"PGCOLONY":"PunchSheel Avenue,Deepnagar",
"PGTOWN":"Jalandhar Cantonment",
"PGDISTRICT":"Jalandhar",
"PGSTATE":"Punjab",
"PGCOUNTRY":"India",
"CATEGORY":"OBC",
"EMAIL":"prasanna9573@gmail.com",
"CNO":"8194873536",
"FATHER":"P Ramana",
"MOTHER":"P Lakshmi",
"EMERGENCYCNO":"9642032751",
"MCNO":"",
"FCNO":"09949662430",
"LANDLINE":"",
"FATHEREMAIL":"",
"ADDRESSLINE1":"H. No. 9-4",
"ADDRESSLINE2":"Vallinagar, Madhura Wada",
"TOWN":"Visakhapatnam",
"DISTRICT":"Visakhapatnam",
"STATE":"Andhra Pradesh",
"COUNTRY":"India",
"PIN":"530048",
"CRADDRESSLINE1":"H.No. 9-4",
"CRADDRESSLINE2":"Vill. Madhura Wada",
"CRTOWN":"Visakhapatnam",
"CRDISTRICT":"Visakhapatnam",
"CRSTATE":"Andhra Pradesh",
"CRCOUNTRY":"India",
"CRPIN":"530048",
"ISDCountryName":"",
"ISDPassportNo":"",
"ISDPassportIssueDate":"",
"ISDPassportExpiryDate":"",
"ISDVisaNo":"",
"ISDVisaIssueDate":"",
"ISDVisaExpiryDate":"",
"ISDFROPermitNo":"",
"ISDFROIssueDate":"",
"ISDFROExpiryDate":"",
"ISDNationalIdNo":""}]